Player_ID,Player_Name
daughbr01,Brad Daugherty
dudlech02,Chris Dudley
ehlocr01,Craig Ehlo
harpero01,Ron Harper
hubbaph01,Phil Hubbard
keysra01,Randolph Keys
nancela01,Larry Nance
pricema01,Mark Price
rollitr01,Tree Rollins
sandemi01,Mike Sanders
valenda01,Darnell Valentine
williho01,Hot Rod Williams
acresma01,Mark Acres
aingeda01,Danny Ainge
birdla01,Larry Bird
birdsot01,Otis Birdsong
gamblke01,Kevin Gamble
grandro01,Ron Grandison
johnsde01,Dennis Johnson
kleinjo01,Joe Kleine
lewisre01,Reggie Lewis
lohaubr01,Brad Lohaus
mchalke01,Kevin McHale
parisro01,Robert Parish
paxsoji02,Jim Paxson
pincked01,Ed Pinckney
rivasra01,Ramón Rivas
shawbr01,Brian Shaw
upshake01,Kelvin Upshaw
butlegr01,Greg Butler
ewingpa01,Patrick Ewing
greensi02,Sidney Green
jacksma01,Mark Jackson
myerspe01,Pete Myers
newmajo01,Johnny Newman
oaklech01,Charles Oakley
stricro02,Rod Strickland
tucketr01,Trent Tucker
vandeki01,Kiki Vandeweghe
walkeke01,Kenny Walker
wilkied01,Eddie Lee Wilkins
wilkige01,Gerald Wilkins
breuera01,Randy Breuer
brownto01,Tony Brown
cummite01,Terry Cummings
davisma01,Mark Davis
dunlemi01,Mike Dunleavy
grayeje01,Jeff Grayer
greenri01,Rickey Green
horfoti01,Tito Horford
humphja01,Jay Humphries
krystla01,Larry Krystkowiak
mokespa01,Paul Mokeski
moncrsi01,Sidney Moncrief
piercri01,Ricky Pierce
presspa01,Paul Pressey
roberfr01,Fred Roberts
sikmaja01,Jack Sikma
turnean01,Andre Turner
dreilgr01,Greg Dreiling
flemive01,Vern Fleming
fredean01,Anthony Frederick
grayst01,Stuart Gray
longjo01,John Long
millere01,Reggie Miller
mortori01,Richard Morton
persoch01,Chuck Person
schrede01,Detlef Schrempf
skilesc01,Scott Skiles
smitsri01,Rik Smits
stephev01,Everette Stephens
thompla01,LaSalle Thompson
tisdawa01,Wayman Tisdale
toneyse01,Sedric Toney
willihe01,Herb Williams
wittmra01,Randy Wittman
aguirma01,Mark Aguirre
dantlad01,Adrian Dantley
dawkida01,Darryl Dawkins
dembofe01,Fennis Dembo
dumarjo01,Joe Dumars
edwarja01,James Edwards
harrist01,Steve Harris
johnsvi01,Vinnie Johnson
laimbbi01,Bill Laimbeer
mahorri01,Rick Mahorn
mannipa01,Pace Mannion
rodmade01,Dennis Rodman
rowinji01,Jim Rowinski
sallejo01,John Salley
thomais01,Isiah Thomas
willimi02,Micheal Williams
battljo01,John Battle
bradldu01,Dudley Bradley
carran01,Antoine Carr
ferredu01,Duane Ferrell
koncajo01,Jon Koncak
levincl01,Cliff Levingston
malonmo01,Moses Malone
riverdo01,Doc Rivers
theusre01,Reggie Theus
tolbera01,Ray Tolbert
webbsp01,Spud Webb
wilkido01,Dominique Wilkins
cartwbi01,Bill Cartwright
corzida01,Dave Corzine
davisch02,Charles Davis
grantho01,Horace Grant
haleyja01,Jack Haley
hodgecr01,Craig Hodges
jonesan01,Anthony Jones
jordami01,Michael Jordan
nealyed01,Ed Nealy
paxsojo01,John Paxson
perduwi01,Will Perdue
pippesc01,Scottie Pippen
pressdo01,Dominic Pressley
sellebr01,Brad Sellers
vincesa01,Sam Vincent
woodda01,David Wood
anderro01,Ron Anderson
barklch01,Charles Barkley
brooksc01,Scott Brooks
cheekma01,Maurice Cheeks
colembe01,Ben Coleman
gminsmi01,Mike Gminski
hawkihe01,Hersey Hawkins
hendege01,Gerald Henderson
jonessh01,Shelton Jones
robincl01,Cliff Robinson
smithde02,Derek Smith
thornbo01,Bob Thornton
welpch01,Chris Welp
wingada01,David Wingate
abdulka01,Kareem Abdul-Jabbar
campbto01,Tony Campbell
coopemi01,Michael Cooper
greenac01,A.C. Green
johnsma02,Magic Johnson
lampje01,Jeff Lamp
mcnamma01,Mark McNamara
riverda01,David Rivers
scottby01,Byron Scott
thompmy01,Mychal Thompson
woolror01,Orlando Woolridge
worthja01,James Worthy
adamsmi01,Michael Adams
cookda01,Darwin Cook
coopewa01,Wayne Cooper
daviswa03,Walter Davis
englewa01,Wayne Engelstad
englial01,Alex English
greenda01,Dave Greenwood
hanzlbi01,Bill Hanzlik
hugheed01,Eddie Hughes
laneje01,Jerome Lane
leverfa01,Fat Lever
nattca01,Calvin Natt
rasmubl01,Blair Rasmussen
schayda01,Danny Schayes
turneel01,Elston Turner
vinceja01,Jay Vincent
berrywa01,Walter Berry
chievde01,Derrick Chievous
floydsl01,Sleepy Floyd
johnsbu01,Buck Johnson
johnsfr01,Frank Johnson
leaveal01,Allen Leavell
mccorti01,Tim McCormick
nevitch01,Chuck Nevitt
olajuha01,Hakeem Olajuwon
shortpu01,Purvis Short
thompbe01,Bernard Thompson
thorpot01,Otis Thorpe
woodsmi01,Mike Woodson
alforst01,Steve Alford
bolma01,Manute Bol
frankte01,Tellis Frank
garlawi01,Winston Garland
grahaor01,Orlando Graham
higgiro01,Rod Higgins
mcdonbe01,Ben McDonald
mullich01,Chris Mullin
richmmi01,Mitch Richmond
sampsra01,Ralph Sampson
smithla01,Larry Smith
smithot01,Otis Smith
starkjo01,John Starks
stroejo01,John Stroeder
teaglte01,Terry Teagle
whiteje01,Jerome Whitehead
chambto01,Tom Chambers
corbity01,Tyrone Corbin
critewi01,Winston Crite
dunntr01,T.R. Dunn
gattike01,Kenny Gattison
gilliar01,Armen Gilliam
hornaje01,Jeff Hornacek
johnsed03,Eddie Johnson
johnske02,Kevin Johnson
kerrst01,Steve Kerr
langan01,Andrew Lang
majerda01,Dan Majerle
perryti01,Tim Perry
westma01,Mark West
anderri01,Richard Anderson
bowiesa01,Sam Bowie
brancad01,Adrian Branch
bryanma01,Mark Bryant
drexlcl01,Clyde Drexler
duckwke01,Kevin Duckworth
ferrero01,Rolando Ferreira
johnsst03,Steve Johnson
jonesca01,Caldwell Jones
kerseje01,Jerome Kersey
nealcr01,Craig Neal
portete01,Terry Porter
sichtje01,Jerry Sichting
steppbr01,Brook Steppe
wheelcl01,Clinton Wheeler
youngda01,Danny Young
andergr01,Greg Anderson
andermi01,Michael Anderson
anderwi01,Willie Anderson
bowiean01,Anthony Bowie
brickfr01,Frank Brickowski
comegda01,Dallas Comegys
dawkijo01,Johnny Dawkins
gudmupe01,Pétur Guðmundsson
kingal01,Albert King
maxweve01,Vernon Maxwell
mitchto01,Todd Mitchell
roberal01,Alvin Robertson
rothsc01,Scott Roth
smartke01,Keith Smart
smrekmi01,Mike Smrek
baileth01,Thurl Bailey
brownmi01,Mike Brown
eatonma01,Mark Eaton
farmeji01,Jim Farmer
griffda01,Darrell Griffith
hansebo01,Bob Hansen
iavarma01,Marc Iavaroni
kofoeba01,Bart Kofoed
leckner01,Eric Leckner
lesji01,Jim Les
malonka01,Karl Malone
ortizjo01,José Ortiz
stockjo01,John Stockton
whiteer01,Eric White
baglejo01,John Bagley
carrojo01,Joe Barry Carroll
cavenro01,Ron Cavenall
connele01,Lester Conner
gaineco01,Corey Gaines
hinsoro01,Roy Hinson
hopsode01,Dennis Hopson
jonesbi01,Bill Jones
leeke01,Keith Lee
mcgeemi01,Mike McGee
morrich01,Chris Morris
shackch01,Charles Shackleford
willibu01,Buck Williams
willike01,Kevin Williams
ballagr01,Greg Ballard
cagemi01,Michael Cage
champmi01,Mike Champion
ellisda01,Dale Ellis
johnsav01,Avery Johnson
listeal01,Alton Lister
lucasjo01,John Lucas
mcdanxa01,Xavier McDaniel
mckeyde01,Derrick McKey
mcmilna01,Nate McMillan
polynol01,Olden Polynice
reynoje01,Jerry Reynolds
schoeru01,Russ Schoene
threase01,Sedale Threatt
busedo01,Don Buse
drewla01,Larry Drew
knighbi01,Billy Knight
meriwjo01,Joe Meriweather
nattke01,Kenny Natt
olberma01,Mark Olberding
popeda01,David Pope
suttlda01,Dane Suttle
verhope01,Pete Verhoeven
brookmi01,Michael Brooks
donalja01,James Donaldson
joneshu01,Hutch Jones
kelsegr01,Greg Kelser
loderke01,Kevin Loder
mcdowha01,Hank McDowell
mckinbi01,Billy McKinney
nixonno01,Norm Nixon
towneli01,Linton Townes
waltobi01,Bill Walton
whitero01,Rory White
alarima01,Mark Alarie
catlete01,Terry Catledge
coltest01,Steve Colter
eacklle01,Ledell Eackles
feitlda01,Dave Feitl
grantha01,Harvey Grant
jonesch01,Charles Jones
jonesch02,Charles Jones
kingbe01,Bernard King
malonje01,Jeff Malone
walkeda01,Darrell Walker
willijo02,John Williams
blabuw01,Uwe Blab
blackro01,Rolando Blackman
davisbr01,Brad Davis
harpede01,Derek Harper
perkisa01,Sam Perkins
tarplro01,Roy Tarpley
tylerte01,Terry Tyler
wennibi01,Bill Wennington
wileymo01,Morlon Wiley
bannike01,Ken Bannister
benjabe01,Benoit Benjamin
dailequ01,Quintin Dailey
garrito01,Tom Garrick
gondrgr01,Grant Gondrezick
grantga01,Gary Grant
kitegr01,Greg Kite
lockro01,Rob Lock
mannida01,Danny Manning
normake01,Ken Norman
popsoda01,Dave Popson
rosero01,Rob Rose
smithch01,Charles Smith
sumptba01,Barry Sumpter
whatlen01,Ennis Whatley
willire01,Reggie Williams
wolfjo01,Joe Wolf
allenra01,Randy Allen
berryri01,Ricky Berry
delnevi01,Vinny Del Negro
gillebe01,Ben Gillery
jacksmi02,Michael Jackson
mccraro01,Rodney McCray
peterji01,Jim Petersen
pressha01,Harold Pressley
smithke01,Kenny Smith
cummipa01,Pat Cummings
edwarke01,Kevin Edwards
graysy01,Sylvester Gray
hastisc01,Scott Hastings
longgr01,Grant Long
seikaro01,Rony Seikaly
shaskjo01,John Shasky
sparrro01,Rory Sparrow
sundvjo01,Jon Sundvold
tayloan01,Anthony Taylor
thompbi01,Billy Thompson
washipe01,Pearl Washington
boguemu01,Muggsy Bogues
chapmre01,Rex Chapman
curetea01,Earl Cureton
curryde01,Dell Curry
holtomi01,Michael Holton
hoppeda01,Dave Hoppen
kemptti01,Tim Kempton
lewisra01,Ralph Lewis
lowesi01,Sidney Lowe
rambiku01,Kurt Rambis
reidro01,Robert Reid
rowsobr01,Brian Rowsom
tolbeto01,Tom Tolbert
tripuke01,Kelly Tripucka
bensoke01,Kent Benson
hendeke01,Kevin Henderson
johnska01,Kannard Johnson
rogerjo01,Johnny Rogers
dayeda01,Darren Daye
gilmoar01,Artis Gilmore
henryco01,Conner Henry
minnidi01,Dirk Minniefield
carliri01,Rick Carlisle
donovbi01,Billy Donovan
mcneach01,Chris McNealy
orrlo01,Louis Orr
scurrca01,Carey Scurry
whiteto01,Tony White
moorean01,Andre Moore
winslri01,Rickie Winslow
stipast01,Steve Stipanovich
bedfowi01,William Bedford
moorero01,Ron Moore
russewa01,Walker Russell
washbch01,Chris Washburn
willike02,Kevin Willis
woodle01,Leon Wood
waitegr01,Granville Waiters
askewvi01,Vincent Askew
hendeda01,Dave Henderson
toneyan01,Andrew Toney
vraneda01,Danny Vranes
matthwe01,Wes Matthews
wagnemi01,Milt Wagner
evansmi01,Mike Evans
martima01,Maurice Martin
wrighbr01,Brad Wright
freewo01,World B. Free
maxwece01,Cedric Maxwell
wadema01,Mark Wade
washike01,Kermit Washington
adamsal01,Alvan Adams
baileja01,James Bailey
cookje01,Jeff Cook
martibi01,Bill Martin
lucasma01,Maurice Lucas
murphro01,Ronnie Murphy
wilsoni01,Nikita Wilson
blackna01,Nate Blackwell
mitchmi01,Mike Mitchell
moorejo01,Johnny Moore
nimphku01,Kurt Nimphius
rellfri01,Richard Rellford
wilsori02,Ricky Wilson
zevenph01,Phil Zevenbergen
turpime01,Melvin Turpin
englech01,Chris Engler
mckenke01,Kevin McKenna
okoremi01,Mike O'Koren
walleja01,Jamie Waller
washidu01,Duane Washington
johnscl01,Clemon Johnson
murphja01,Jay Murphy
burttst01,Steve Burtt
colemno01,Norris Coleman
fieldke01,Kenny Fields
gordola01,Lancaster Gordon
gregocl01,Claude Gregory
murphto01,Tod Murphy
nesslma01,Martin Nessley
phelpmi01,Michael Phelps
arlaujo01,Joe Arlauckas
edwarfr01,Franklin Edwards
oldhaja01,Jawann Oldham
anderde01,Derek Anderson
butlemi02,Mitchell Butler
dumasto01,Tony Dumas
ferryda01,Danny Ferry
grahagr01,Greg Graham
hendece02,Cedric Henderson
ilgauzy01,Zydrunas Ilgauskas
jameshe01,Henry James
kempsh01,Shawn Kemp
knighbr01,Brevin Knight
persowe01,Wesley Person
potapvi01,Vitaly Potapenko
scottsh01,Shawnelle Scott
surabo01,Bob Sura
thomaca01,Carl Thomas
anderke01,Kenny Anderson
barroda01,Dana Barros
billuch01,Chauncey Billups
bowenbr01,Bruce Bowen
brownde01,Dee Brown
declean01,Andrew DeClercq
edneyty01,Tyus Edney
ellispe01,Pervis Ellison
hansore01,Reggie Hanson
jonesdo01,Dontae' Jones
knightr01,Travis Knight
mccarwa01,Walter McCarty
mercero01,Ron Mercer
minorgr01,Greg Minor
rogerro02,Roy Rogers
tabakza01,Žan Tabak
thomajo02,John Thomas
walkean02,Antoine Walker
childch01,Chris Childs
davisbe01,Ben Davis
houstal01,Allan Houston
johnsla02,Larry Johnson
millsch01,Chris Mills
thompbr01,Brooks Thompson
wardch01,Charlie Ward
allenra02,Ray Allen
brandte01,Terrell Brandon
breauti01,Tim Breaux
currymi01,Michael Curry
feickja01,Jamie Feick
greenli01,Litterial Green
hillty01,Tyrone Hill
honeyje01,Jerald Honeycutt
johnser02,Ervin Johnson
nordgje01,Jeff Nordgaard
perryel01,Elliot Perry
robingl01,Glenn Robinson
smithto02,Tony Smith
besttr01,Travis Best
bohanet01,Etdrick Bohannon
croshau01,Austin Croshere
davisan01,Antonio Davis
davisda01,Dale Davis
hoibefr01,Fred Hoiberg
popema01,Mark Pope
roseja01,Jalen Rose
delebi01,Bison Dele
hensost01,Steve Henson
hillgr01,Grant Hill
hunteli01,Lindsey Hunter
mckieaa01,Aaron McKie
montrer01,Eric Montross
obannch01,Charles O'Bannon
pollasc01,Scot Pollard
ratlith01,Theo Ratliff
reiddo01,Don Reid
sealyma01,Malik Sealy
stackje01,Jerry Stackhouse
willije01,Jerome Williams
askinke01,Keith Askins
austiis01,Isaac Austin
barrybr01,Brent Barry
brownpj01,P.J. Brown
causwdu01,Duane Causwell
conloma01,Marty Conlon
dayto01,Todd Day
hardati01,Tim Hardaway
langan02,Antonio Lang
lenarvo01,Voshon Lenard
mashbja01,Jamal Mashburn
millste01,Terry Mills
mournal01,Alonzo Mourning
murdoer01,Eric Murdock
smithch04,Charles Smith
stricma01,Mark Strickland
waltere01,Rex Walters
anderni01,Nick Anderson
armstda01,Darrell Armstrong
benoida01,David Benoit
evansbr01,Brian Evans
hardaan01,Anfernee Hardaway
lawsoja01,Jason Lawson
ollieke01,Kevin Ollie
outlabo01,Bo Outlaw
royaldo01,Donald Royal
stronde01,Derek Strong
taylojo01,Johnny Taylor
barrydr01,Drew Barry
blaylmo01,Mookie Blaylock
brownch01,Chucky Brown
crawfch01,Chris Crawford
grayed01,Ed Gray
hendeal01,Alan Henderson
laettch01,Christian Laettner
livinra01,Randy Livingston
millean01,Anthony Miller
mutomdi01,Dikembe Mutombo
olivebr01,Brian Oliver
recasel01,Eldridge Recasner
smithst01,Steve Smith
whitedo01,Donald Whiteside
boothke01,Keith Booth
brownra02,Randy Brown
buechju01,Jud Buechler
burresc01,Scott Burrell
caffeja01,Jason Caffey
kukocto01,Toni Kukoč
larueru01,Rusty LaRue
longllu01,Luc Longley
simpkdi01,Dickey Simpkins
vaughda02,David Vaughn
colemde01,Derrick Coleman
cunniwi01,William Cunningham
davisma02,Mark Davis
iversal01,Allen Iverson
jacksji01,Jim Jackson
overtdo01,Doug Overton
parkean01,Anthony Parker
smithjo02,Joe Smith
snower01,Eric Snow
stewake01,Kebu Stewart
thomati01,Tim Thomas
weathcl01,Clarence Weatherspoon
willisc01,Scott Williams
barryjo01,Jon Barry
bennema01,Mario Bennett
blounco01,Corie Blount
bryanko01,Kobe Bryant
campbel01,Elden Campbell
fishede01,Derek Fisher
foxri01,Rick Fox
horryro01,Robert Horry
jonesed02,Eddie Jones
onealsh01,Shaquille O'Neal
rooksse01,Sean Rooks
sealssh01,Shea Seals
vanexni01,Nick Van Exel
alexaco01,Cory Alexander
battito01,Tony Battie
ellisha01,Harold Ellis
ellisla01,LaPhonso Ellis
fortsda01,Danny Fortson
garrede01,Dean Garrett
garriki01,Kiwane Lemorris Garris
goldwan01,Anthony Goldwire
jacksbo01,Bobby Jackson
laudepr01,Priest Lauderdale
stithbr01,Bryant Stith
washier01,Eric Washington
willier01,Eric Williams
zidekge01,George Zídek
bullama01,Matt Bullard
davisem01,Emanual Davis
eliema01,Mario Elie
harriot01,Othella Harrington
malonma01,Matt Maloney
pricebr01,Brent Price
rhodero01,Rodrick Rhodes
stephjo01,Joe Stephens
armstbj01,B.J. Armstrong
colesbi01,Bimbo Coles
dampier01,Erick Dampier
delkto01,Tony Delk
foylead01,Adonal Foyle
fulleto02,Todd Fuller
madkige01,Gerald Madkins
marshdo01,Donyell Marshall
spencfe01,Felton Spencer
sprewla01,Latrell Sprewell
willibr01,Brandon Williams
carrch01,Chris Carr
curlebi01,Bill Curley
garneke01,Kevin Garnett
guglito01,Tom Gugliotta
hammoto01,Tom Hammonds
jordare01,Reggie Jordan
marbust01,Stephon Marbury
mitchsa01,Sam Mitchell
parksch02,Cherokee Parks
peelean01,Anthony Peeler
roberst01,Stanley Roberts
roziecl01,Clifford Rozier
westdo01,Doug West
wheatde01,DeJuan Wheat
closske01,Keith Closs
collija01,James Collins
martida01,Darrick Martin
murrala01,Lamond Murray
piatker01,Eric Piatkowski
richapo01,Pooh Richardson
robinja02,James Robinson
rogerro01,Rodney Rogers
tayloma01,Maurice Taylor
vaughlo01,Loy Vaught
vrankst01,Stojko Vranković
wrighlo02,Lorenzen Wright
abdulma02,Mahmoud Abdul-Rauf
abdulta01,Tariq Abdul-Wahad
deherte01,Terry Dehere
fundela01,Lawrence Funderburke
grimmde01,Derek Grimm
hendrma01,Mark Hendrickson
hurlebo01,Bobby Hurley
johnsan02,Anthony Johnson
owensbi01,Billy Owens
robinch01,Chris Robinson
salvake01,Kevin Salvadori
smithmi02,Michael Smith
stewami01,Michael Stewart
willico02,Corliss Williamson
anstech01,Chris Anstey
bradlsh01,Shawn Bradley
caldwad01,Adrian Caldwell
cebalce01,Cedric Ceballos
davishu01,Hubert Davis
finlemi01,Michael Finley
muursma01,Martin Müürsepp
packro01,Robert Pack
reevekh01,Khalid Reeves
respesh01,Shawn Respert
rileyer01,Eric Riley
scottde01,Dennis Scott
stricer01,Erick Strickland
thomaku01,Kurt Thomas
walkesa01,Samaki Walker
wellsbu01,Bubba Wells
kiddja01,Jason Kidd
llamaho01,Horacio Llamas
mccloge01,George McCloud
mcdyean01,Antonio McDyess
milicma01,Marko Milič
nashst01,Steve Nash
robincl02,Clifford Robinson
augmost01,Stacey Augmon
brunsri01,Rick Brunson
catoke01,Kelvin Cato
crottjo01,John Crotty
grantbr01,Brian Grant
higgise01,Sean Higgins
onealje01,Jermaine O'Neal
rideris01,Isaiah Rider
rogerca01,Carlos Rogers
sabonar01,Arvydas Sabonis
stoudda01,Damon Stoudamire
trentga01,Gary Trent
wallara01,Rasheed Wallace
willial02,Alvin Williams
williwa02,Walt Williams
wingfdo01,Dontonio Wingfield
burtowi01,Willie Burton
duncati01,Tim Duncan
elliose01,Sean Elliott
gearyre01,Reggie Geary
herreca01,Carl Herrera
jacksja01,Jaren Jackson
robinda01,David Robinson
rosema01,Malik Rose
willimo01,Monty Williams
andersh01,Shandon Anderson
eisleho01,Howard Eisley
fostegr01,Greg Foster
hudsotr01,Troy Hudson
keefead01,Adam Keefe
ostergr01,Greg Ostertag
russebr01,Bryon Russell
vaughja01,Jacque Vaughn
cassesa01,Sam Cassell
dareyi01,Yinka Dare
douglsh01,Sherman Douglas
gatlich01,Chris Gatling
gillke01,Kendall Gill
harrilu01,Lucious Harris
kittlke01,Kerry Kittles
macledo01,Don MacLean
vanhoke01,Keith Van Horn
willija01,Jayson Williams
anthogr01,Greg Anthony
bakervi01,Vin Baker
cottoja02,James Cotton
howarst01,Stephen Howard
mcilvji01,Jim McIlvaine
paytoga01,Gary Payton
williaa01,Aaron Williams
beckco01,Corey Beck
divacvl01,Vlade Divac
farmeto01,Tony Farmer
geigema01,Matt Geiger
masonan01,Anthony Mason
mcdonmi01,Michael McDonald
phillbo01,Bobby Phills
reidjr01,J.R. Reid
ricegl01,Glen Rice
wesleda01,David Wesley
willitr01,Travis Williams
amayaas01,Ashraf Amaya
cheanca01,Calbert Cheaney
fishma01,Matt Fish
howarju01,Juwan Howard
legleti01,Tim Legler
muresgh01,Gheorghe Mureșan
murratr01,Tracy Murray
nickega01,Gaylon Nickerson
wallabe01,Ben Wallace
webbech01,Chris Webber
whitnch01,Chris Whitney
willilo01,Lorenzo Williams
cambyma01,Marcus Camby
chrisdo01,Doug Christie
daniell01,Lloyd Daniels
garnech01,Chris Garner
jonespo01,Popeye Jones
mccanbo01,Bob McCann
mcgratr01,Tracy McGrady
milleol01,Oliver Miller
slatere01,Reggie Slater
stokeed01,Ed Stokes
wallajo01,John Wallace
wrighsh01,Sharone Wright
abdursh01,Shareef Abdur-Rahim
chilcpe01,Pete Chilcutt
daniean01,Antonio Daniels
edwarbl01,Blue Edwards
lynchge01,George Lynch
macksa01,Sam Mack
masseto01,Tony Massenburg
maybele01,Lee Mayberry
newbiiv01,Ivano Newbill
reevebr01,Bryant Reeves
robinla01,Larry Robinson
daviste01,Terry Davis
hamda01,Darvin Ham
motenla01,Lawrence Moten
oliveji01,Jimmy Oliver
shammgo01,God Shammgod
boykiea01,Earl Boykins
stackry01,Ryan Stack
garnema01,Marlon Garnett
jonesda01,Damon Jones
piercpa01,Paul Pierce
schindw01,Dwayne Schintzius
grantpa01,Paul Grant
jordaad01,Adonis Jordan
traylro01,Robert Traylor
workmha01,Haywoode Workman
harrial01,Al Harrington
maconma01,Mark Macon
mooremi01,Mikki Moore
youngko01,Korleone Young
watsoja01,Jamie Watson
doleami01,Michael Doleac
harprma01,Matt Harpring
kernejo01,Jonathan Kerner
simonmi01,Miles Simon
mcleoro01,Roshown McLeod
sheppje01,Jeff Sheppard
willish01,Shammond Williams
benjaco01,Corey Benjamin
carrco01,Cory Carr
davidko01,Kornél Dávid
jonesch03,Charles Jones
hughela01,Larry Hughes
mohamna01,Nazr Mohammed
shawca01,Casey Shaw
jacobsa01,Sam Jacobson
luety01,Tyronn Lue
patteru01,Ruben Patterson
clarkke01,Keon Clark
lafrera01,Raef LaFrentz
mccarke01,Kelly McCarty
meyerlo01,Loren Meyer
wheelty01,Tyson Wheeler
dickemi01,Michael Dickerson
drewbr01,Bryce Drew
moblecu01,Cuttino Mobley
jamisan01,Antawn Jamison
nestera01,Rasho Nesterović
pattean01,Andrae Patterson
wintetr01,Trevor Winter
nesbyty01,Tyrone Nesby
olowomi01,Michael Olowokandi
skinnbr01,Brian Skinner
alumape01,Peter Aluma
hawkimi01,Michael Hawkins
jamesje01,Jerome James
stojape01,Peja Stojaković
willija02,Jason Williams
nowitdi01,Dirk Nowitzki
sundobr01,Bruno Šundov
baileto01,Toby Bailey
brownge02,Gerald Brown
garripa01,Pat Garrity
simsal01,Alvin Sims
wellsbo01,Bonzi Wells
gazean01,Andrew Gaze
kingge02,Gerard King
aventan01,Anthony Avent
kingch01,Chris King
lewisra02,Rashard Lewis
mccoyje01,Jelani McCoy
norrimo01,Moochie Norris
stepavl01,Vladimir Stepania
davisri01,Ricky Davis
millebr01,Brad Miller
bakerla01,Mark Baker
cartevi01,Vince Carter
knighne01,Negele Knight
marksse01,Sean Marks
bibbymi01,Mike Bibby
hendejr01,J.R. Henderson
lopezfe01,Felipe López
ndiayma01,Makhtar N'Diaye
sasseja01,Jason Sasser
cokerjo01,John Coker
jacksra02,Randell Jackson
mcinnje01,Jeff McInnis
whiteja01,Jahidi White
davisba01,Baron Davis
erdense01,Semih Erden
eyengch01,Christian Eyenga
geeal01,Alonzo Gee
gibsoda01,Daniel Gibson
grahajo01,Joey Graham
haranlu01,Luke Harangody
harrima01,Manny Harris
hicksjj01,J.J. Hickson
holliry01,Ryan Hollins
moonja01,Jamario Moon
powele01,Leon Powe
samuesa01,Samardo Samuels
sessira01,Ramon Sessions
varejan01,Anderson Varejão
willija04,Jawad Williams
willima01,Mo Williams
arroyca01,Carlos Arroyo
bradlav01,Avery Bradley
daniema01,Marquis Daniels
davisgl01,Glen Davis
greenje02,Jeff Green
johnsch03,Chris Johnson
krstine01,Nenad Krstić
murphtr01,Troy Murphy
pavloal01,Sasha Pavlović
perkike01,Kendrick Perkins
robinna01,Nate Robinson
rondora01,Rajon Rondo
wafervo01,Von Wafer
westde01,Delonte West
anthoca01,Carmelo Anthony
balkmre01,Renaldo Balkman
brownde04,Derrick Brown
cartean01,Anthony Carter
chandwi01,Wilson Chandler
douglto01,Toney Douglas
feltora01,Raymond Felton
fieldla01,Landry Fields
gallida01,Danilo Gallinari
jeffrja01,Jared Jeffries
masonro01,Roger Mason
mozgoti01,Timofey Mozgov
randoan01,Anthony Randolph
rautian01,Andy Rautins
stoudam01,Amar'e Stoudemire
turiaro01,Ronny Turiaf
walkebi01,Henry Walker
willish03,Shawne Williams
willish02,Shelden Williams
barroea01,Earl Barron
bogutan01,Andrew Bogut
brockjo01,Jon Brockman
delfica01,Carlos Delfino
doolike01,Keyon Dooling
douglch01,Chris Douglas-Roberts
goodedr01,Drew Gooden
ilyaser01,Ersan İlyasova
jennibr01,Brandon Jennings
maggeco01,Corey Maggette
mbahalu01,Luc Mbah a Moute
reddmi01,Michael Redd
salmojo01,John Salmons
sandela01,Larry Sanders
templga01,Garrett Temple
collida01,Darren Collison
dunlemi02,Mike Dunleavy
fordtj01,T.J. Ford
fosteje01,Jeff Foster
georgpa01,Paul George
grangda01,Danny Granger
hansbty01,Tyler Hansbrough
hibbero01,Roy Hibbert
jonesda02,Dahntay Jones
jonesso01,Solomon Jones
mcrobjo01,Josh McRoberts
poseyja01,James Posey
priceaj01,A.J. Price
rushbr01,Brandon Rush
stephla01,Lance Stephenson
bynumwi01,Will Bynum
dayeau01,Austin Daye
gordobe01,Ben Gordon
hamilri01,Richard Hamilton
maxieja01,Jason Maxiell
monrogr01,Greg Monroe
princta01,Tayshaun Prince
stuckro01,Rodney Stuckey
summeda01,DaJuan Summers
villach01,Charlie Villanueva
wilcoch01,Chris Wilcox
anthojo01,Joel Anthony
boshch01,Chris Bosh
chalmma01,Mario Chalmers
hasleud01,Udonis Haslem
houseed01,Eddie House
jamesle01,LeBron James
jonesja02,James Jones
magloja01,Jamaal Magloire
millemi01,Mike Miller
pittmde01,Dexter Pittman
wadedw01,Dwyane Wade
allenma01,Malik Allen
anderry01,Ryan Anderson
arenagi01,Gilbert Arenas
bassbr01,Brandon Bass
clarkea01,Earl Clark
duhonch01,Chris Duhon
gortama01,Marcin Gortat
howardw01,Dwight Howard
nelsoja01,Jameer Nelson
pietrmi01,Mickaël Piétrus
redicjj01,JJ Redick
richaja01,Jason Richardson
richaqu01,Quentin Richardson
turkohe01,Hedo Türkoğlu
armsthi01,Hilton Armstrong
collija04,Jason Collins
crawfja01,Jamal Crawford
crawfjo02,Jordan Crawford
evansma01,Maurice Evans
hinriki01,Kirk Hinrich
horfoal01,Al Horford
johnsjo02,Joe Johnson
pachuza01,Zaza Pachulia
poweljo01,Josh Powell
smithjo03,Josh Smith
sypa01,Pape Sy
teaguje01,Jeff Teague
thomaet01,Etan Thomas
wilkida02,Damien Wilkins
willima02,Marvin Williams
asikom01,Ömer Aşık
boganke01,Keith Bogans
boozeca01,Carlos Boozer
brewero02,Ronnie Brewer
butlera01,Rasual Butler
denglu01,Luol Deng
gibsota01,Taj Gibson
johnsja01,James Johnson
korveky01,Kyle Korver
lucasjo02,John Lucas III
noahjo01,Joakim Noah
rosede01,Derrick Rose
scalabr01,Brian Scalabrine
watsocj01,C.J. Watson
brackcr01,Craig Brackins
brandel01,Elton Brand
hawessp01,Spencer Hawes
holidjr01,Jrue Holiday
iguodan01,Andre Iguodala
kaponja01,Jason Kapono
meeksjo01,Jodie Meeks
nocioan01,Andrés Nocioni
songada01,Darius Songaila
speigma01,Marreese Speights
turneev01,Evan Turner
willilo02,Lou Williams
youngth01,Thaddeus Young
barnema02,Matt Barnes
blakest01,Steve Blake
brownsh01,Shannon Brown
bynuman01,Andrew Bynum
caracde01,Derrick Caracter
ebankde01,Devin Ebanks
gasolpa01,Pau Gasol
johnstr01,Trey Johnson
odomla01,Lamar Odom
vujacsa01,Sasha Vujačić
waltolu01,Luke Walton
artesro01,Metta World Peace
afflaar01,Arron Afflalo
anderch01,Chris Andersen
elyme01,Melvin Ely
forbega01,Gary Forbes
hilarne01,Nenê
koufoko01,Kosta Koufos
lawsoty01,Ty Lawson
martike01,Kenyon Martin
smithjr01,J.R. Smith
battish01,Shane Battier
brookaa01,Aaron Brooks
budinch01,Chase Budinger
carrode01,DeMarre Carroll
dragigo01,Goran Dragić
harrimi01,Mike Harris
hayesch01,Chuck Hayes
hilljo01,Jordan Hill
leeco01,Courtney Lee
lowryky01,Kyle Lowry
martike02,Kevin Martin
mingya01,Yao Ming
pattepa01,Patrick Patterson
scolalu01,Luis Scola
smithis01,Ish Smith
tayloje02,Jermaine Taylor
thabeha01,Hasheem Thabeet
willite01,Terrence Williams
adrieje01,Jeff Adrien
amundlo01,Lou Amundson
bellch01,Charlie Bell
biedran01,Andris Biedriņš
carnero01,Rodney Carney
curryst01,Stephen Curry
ellismo01,Monta Ellis
gadzuda01,Dan Gadzuric
lawac01,Acie Law
leeda02,David Lee
linje01,Jeremy Lin
radmavl01,Vladimir Radmanović
thornal01,Al Thornton
udohek01,Ekpe Udoh
willire02,Reggie Williams
wrighbr03,Brandan Wright
wrighdo01,Dorell Wright
agerma01,Maurice Ager
beaslmi01,Michael Beasley
breweco01,Corey Brewer
ellinwa01,Wayne Ellington
flynnjo01,Jonny Flynn
gainesu01,Sundiata Gaines
haywala01,Lazar Hayward
johnswe01,Wesley Johnson
loveke01,Kevin Love
milicda01,Darko Miličić
pekovni01,Nikola Peković
ridnolu01,Luke Ridnour
telfase01,Sebastian Telfair
tollian01,Anthony Tolliver
webstma02,Martell Webster
aminual01,Al-Farouq Aminu
bledser01,Eric Bledsoe
collija03,Jarron Collins
cookbr01,Brian Cook
dioguik01,Ike Diogu
foyera01,Randy Foye
gomesry01,Ryan Gomes
gordoer01,Eric Gordon
griffbl01,Blake Griffin
jordade01,DeAndre Jordan
kamanch01,Chris Kaman
smithcr01,Craig Smith
warrewi01,Willie Warren
casspom01,Omri Casspi
couside01,DeMarcus Cousins
dalemsa01,Samuel Dalembert
evansty01,Tyreke Evans
garcifr01,Francisco García
greendo01,Donté Greene
headlu01,Luther Head
jacksda01,Darnell Jackson
jetereu01,Eugene Jeter
landrca01,Carl Landry
thompja02,Jason Thompson
thornma01,Marcus Thornton
udrihbe01,Beno Udrih
whiteha01,Hassan Whiteside
wrighan01,Antoine Wright
ajincal01,Alexis Ajinça
bareajo01,J.J. Barea
beaubro01,Rodrigue Beaubois
butleca01,Caron Butler
cardibr01,Brian Cardinal
chandty01,Tyson Chandler
haywobr01,Brendan Haywood
jonesdo02,Dominique Jones
mahinia01,Ian Mahinmi
mariosh01,Shawn Marion
novakst01,Steve Novak
stevede01,DeShawn Stevenson
terryja01,Jason Terry
childjo01,Josh Childress
dowdeza01,Zabian Dowdell
dudleja01,Jared Dudley
fryech01,Channing Frye
lawalga01,Gani Lawal
lopezro01,Robin Lopez
silerga01,Garret Siler
warriha01,Hakim Warrick
aldrila01,LaMarcus Aldridge
babbilu01,Luke Babbitt
batumni01,Nicolas Batum
cunnida01,Dante Cunningham
fernaru01,Rudy Fernández
johnsar02,Armon Johnson
matthwe02,Wesley Matthews
millean02,Andre Miller
millspa02,Patty Mills
obertfa01,Fabricio Oberto
przybjo01,Joel Przybilla
roybr01,Brandon Roy
wallage01,Gerald Wallace
anderja01,James Anderson
blairde01,DeJuan Blair
bonnema01,Matt Bonner
ginobma01,Manu Ginóbili
greenda02,Danny Green
hillge01,George Hill
jeffeot01,Othyus Jeffers
jefferi01,Richard Jefferson
nealga01,Gary Neal
owensla01,Larry Owens
parketo01,Tony Parker
quinnch01,Chris Quinn
simmobo01,Bobby Simmons
splitti01,Tiago Splitter
udokaim01,Ime Udoka
bellra01,Raja Bell
cousima01,Marcus Cousin
elsonfr01,Francisco Elson
evansje01,Jeremy Evans
favorde01,Derrick Favors
fesenky01,Kyrylo Fesenko
harride01,Devin Harris
haywago01,Gordon Hayward
jeffeal01,Al Jefferson
kirilan01,Andrei Kirilenko
milescj01,C.J. Miles
millspa01,Paul Millsap
okurme01,Mehmet Okur
pricero01,Ronnie Price
watsoea01,Earl Watson
weaveky01,Kyle Weaver
willide01,Deron Williams
farmajo01,Jordan Farmar
grahast01,Stephen Graham
greenor01,Orien Greene
humphkr01,Kris Humphries
jamesda01,Damion James
lopezbr01,Brook Lopez
morroan01,Anthony Morrow
outlatr01,Travis Outlaw
petrojo01,Johan Petro
rossqu01,Quinton Ross
uzohbe01,Ben Uzoh
westma02,Mario West
collini01,Nick Collison
duprero01,Ronald Dupree
duranke01,Kevin Durant
gelabmi01,Mickaël Gelabale
gilled01,Eddie Gill
griffad01,Adrian Griffin
newblir01,Ira Newble
senesa01,Mouhamed Sene
swiftro01,Robert Swift
szczewa02,Wally Szczerbiak
wilksmi01,Mike Wilks
hastoki01,Kirk Haston
moisoje01,Jérôme Moïso
nailole01,Lee Nailon
alabiso01,Solomon Alabi
anderda03,David Andersen
banksma01,Marcus Banks
barbole01,Leandro Barbosa
bargnan01,Andrea Bargnani
bayleje01,Jerryd Bayless
caldejo01,José Calderón
davised01,Ed Davis
derozde01,DeMar DeRozan
dorsejo01,Joey Dorsey
evansre01,Reggie Evans
jackja01,Jarrett Jack
johnsam01,Amir Johnson
kleizli01,Linas Kleiza
weemsso01,Sonny Weems
wrighju01,Julian Wright
swiftst01,Stromile Swift
blatcan01,Andray Blatche
booketr01,Trevor Booker
howarjo01,Josh Howard
hudsole01,Lester Hudson
jianlyi01,Yi Jianlian
martica01,Cartier Martin
mcgeeja01,JaVale McGee
ndiayha01,Hamady N'Diaye
serapke01,Kevin Séraphin
shakumu01,Mustafa Shakur
walljo01,John Wall
youngni01,Nick Young
allento01,Tony Allen
arthuda01,Darrell Arthur
conlemi01,Mike Conley
gasolma01,Marc Gasol
gayru01,Rudy Gay
haddaha01,Hamed Haddadi
henryxa01,Xavier Henry
mayooj01,O.J. Mayo
randoza01,Zach Randolph
vasqugr01,Greivis Vásquez
youngsa01,Sam Young
arizatr01,Trevor Ariza
belinma01,Marco Belinelli
ewingpa02,Patrick Ewing
grayaa01,Aaron Gray
greenwi01,Willie Green
mbengdj01,D.J. Mbenga
mensapo01,Pops Mensah-Bonsu
okafoem01,Emeka Okafor
paulch01,Chris Paul
pondequ01,Quincy Pondexter
smithja02,Jason Smith
westda01,David West
brownde02,Devin Brown
jacksma02,Marc Jackson
johnsli01,Linton Johnson
masonde01,Desmond Mason
pargoja01,Jannero Pargo
simmoce01,Cedric Simmons
vincima01,Marcus Vinicius
aldrico01,Cole Aldrich
cookda02,Daequan Cook
hardeja01,James Harden
ibakase01,Serge Ibaka
iveyro01,Royal Ivey
maynoer01,Eric Maynor
mulleby01,Byron Mullens
petermo01,Morris Peterson
sefolth01,Thabo Sefolosha
westbru01,Russell Westbrook
whitedj01,D.J. White
diopde01,DeSagana Diop
jackslu02,Luke Jackson
wagneda02,Dajuan Wagner
welscji01,Jiří Welsch
blounma01,Mark Blount
reedju01,Justin Reed
breweja01,Jamison Brewer
butleja01,Jackie Butler
jacksje01,Jermaine Jackson
sweetmi01,Mike Sweetney
boothca01,Calvin Booth
fizerma01,Marcus Fizer
gainere01,Reece Gaines
hamilze01,Zendon Hamilton
jamesmi01,Mike James
santida01,Daniel Santiago
bendejo01,Jonathan Bender
edwarjo01,John Edwards
fowlktr01,Tremaine Fowlkes
haislma01,Marcus Haislip
harrida01,David Harrison
jacksst02,Stephen Jackson
johnsbr01,Britton Johnsen
jonesfr01,Fred Jones
tinslja01,Jamaal Tinsley
jenkiho01,Horace Jenkins
parkesm01,Smush Parker
woodsqy01,Qyntel Woods
zhizhwa01,Wang Zhizhi
barrean01,Andre Barrett
bradlmi01,Michael Bradley
francst01,Steve Francis
huntebr01,Brandon Hunter
jonesma03,Mark Jones
kasunma01,Mario Kasun
collija02,Jason Collier
diawbo01,Boris Diaw
drobnpr01,Predrag Drobnjak
ekeziob01,Obinna Ekezie
smithdo04,Donta Smith
thomaja02,James Thomas
curryed01,Eddy Curry
reineja01,Jared Reiner
willifr02,Frank Williams
brownke01,Kedrick Brown
davisjo02,Josh Davis
thomake01,Kenny Thomas
atkinch01,Chucky Atkins
bobbito01,Tony Bobbitt
brownti01,Tierre Brown
georgde01,Devean George
jonesju01,Jumaine Jones
medvest01,Stanislav Medvedenko
mihmch01,Chris Mihm
rushka01,Kareem Rush
buckngr01,Greg Buckner
florelu01,Luis Flores
johnsde03,DerMarr Johnson
najered01,Eduardo Nájera
tskitni01,Nikoloz Tskitishvili
whitero02,Rodney White
bowenry01,Ryan Bowen
braggto01,Torraye Braggs
knighbr02,Brandin Knight
nachbbo01,Boštjan Nachbar
padgesc01,Scott Padgett
cabarza01,Žarko Čabarkapa
claxtsp01,Speedy Claxton
sesayan01,Ansu Sesay
ebind01,Ndudi Ebi
griffed01,Eddie Griffin
hassetr01,Trenton Hassell
madsema01,Mark Madsen
bakerma01,Maurice Baker
chalmli01,Lionel Chalmers
jaricma01,Marko Jarić
livinsh01,Shaun Livingston
ndiayma02,Mamadou N'Diaye
penneki01,Kirk Penney
rebraze01,Željko Rebrača
danieer01,Erik Daniels
dickada01,Dan Dickau
podkopa01,Pavel Podkolzin
huntest01,Steven Hunter
jacobca01,Casey Jacobsen
lampema01,Maciej Lampe
shirlpa01,Paul Shirley
tabusyu01,Yuta Tabuse
voskuja01,Jake Voskuhl
vromaja01,Jackson Vroman
carlige01,Geno Carlisle
frahmri01,Richie Frahm
khryavi01,Viktor Khryapa
milesda01,Darius Miles
seungha01,Ha Seung-Jin
glovedi01,Dion Glover
borchcu01,Curtis Borchardt
giricgo01,Gordan Giriček
handlbe01,Ben Handlogten
lopezra01,Raül López
mcleoke01,Keith McLeod
radojal01,Aleksandar Radojević
snydeki01,Kirk Snyder
buforro01,Rodney Buford
dickeka01,Kaniel Dickens
harvedo01,Donnell Harvey
planizo01,Zoran Planinić
smithja01,Jabari Smith
storeaw01,Awvee Storey
thomabi01,Billy Thomas
cleavma01,Mateen Cleaves
kutluib01,Ibo Kutluay
murraro01,Ronald Murray
alstora01,Rafer Alston
araujra01,Rafael Araújo
cookom01,Omar Cook
palacmi01,Milt Palacio
sowpa01,Pape Sow
woodslo01,Loren Woods
brownda02,Damone Brown
brownkw01,Kwame Brown
dixonju01,Juan Dixon
hayesja01,Jarvis Hayes
profila01,Laron Profit
ramospe01,Peter John Ramos
ruffimi01,Michael Ruffin
burksan01,Antonio Burks
emmetan01,Andre Emmett
humphry01,Ryan Humphrey
tsakaja01,Jake Tsakalidis
baxtelo01,Lonny Baxter
edwarco01,Corsley Edwards
freijma01,Matt Freije
garcial01,Alex Garcia
harriju01,Junior Harrington
bremejr01,J.R. Bremer
trybace01,Cezary Trybański
langhda01,Dan Langhi
brezepr01,Primož Brezec
beaslje01,Jerome Beasley
archiro01,Robert Archibald
dialde01,Derrick Dial
penigde01,Desmond Penigar
fullehi01,Hiram Fuller
hansetr01,Travis Hansen
jeffech01,Chris Jefferies
robined01,Eddie Robinson
mccasam01,Amal McCaskill
cartema01,Maurice Carter
sampsja01,Jamal Sampson
trepaje01,Jeff Trepagnier
fordal02,Alton Ford
lamplse01,Sean Lampley
lewisqu01,Quincy Lewis
boumtru01,Ruben Boumtje-Boumtje
carroma01,Matt Carroll
fergude01,Desmond Ferguson
vranesl01,Slavko Vraneš
hartja01,Jason Hart
healsh01,Shane Heal
armstbr01,Brandon Armstrong
slayta01,Tamar Slay
smithle01,Leon Smith
bateeme01,Mengke Bateer
belltr01,Troy Bell
smithth01,Theron Smith
jacksce01,Cedric Jackson
karlco01,Coby Karl
giddejr01,J.R. Giddens
lafayol01,Oliver Lafayette
landrma01,Marcus Landry
rodrise01,Sergio Rodríguez
ukicro01,Roko Ukić
dienetr01,Travis Diener
jerebjo01,Jonas Jerebko
diawaya01,Yakhouba Diawara
randosh01,Shavlik Randolph
hunteot01,Othello Hunter
morrira01,Randolph Morris
alexajo01,Joe Alexander
richach01,Chris Richard
thomaty01,Tyrus Thomas
morriad01,Adam Morrison
conrowi01,Will Conroy
azubuke01,Kelenna Azubuike
huntech01,Chris Hunter
jawaina01,Nathan Jawai
pecheol01,Oleksiy Pecherov
tuckeal02,Alando Tucker
brownbo02,Bobby Brown
collima01,Mardy Collins
curryja01,JamesOn Curry
mayse01,Sean May
mcguido01,Dominic McGuire
singlja01,James Singleton
griffta01,Taylor Griffin
jonesdw02,Dwayne Jones
pendeje02,Jeff Ayres
odengr01,Greg Oden
hairsma01,Malik Hairston
boonejo01,Josh Boone
willise01,Sean Williams
obryapa01,Patrick O'Bryant
davispa01,Paul Davis
gildetr01,Trey Gilder
willima03,Marcus Williams
anderan02,Antonio Anderson
andrima01,Martynas Andriuškevičius
greenge01,Gerald Green
jasiksa01,Šarūnas Jasikevičius
ackeral01,Alex Acker
fitchge01,Gerald Fitch
simiewa01,Wayne Simien
walshma01,Matt Walsh
morrite01,Terence Morris
batises01,Esteban Batista
grundan01,Anthony Grundy
stoudsa01,Salim Stoudamire
basdeed01,Eddie Basden
holcora01,Randy Holcomb
schenlu01,Luke Schenscher
gaide01,Deng Gai
greende01,Devin Green
hodgeju01,Julius Hodge
milesaa01,Aaron Miles
taftch01,Chris Taft
mccanra01,Rashad McCants
wrighbr02,Bracey Wright
ewingda01,Daniel Ewing
korolya01,Yaroslav Korolev
ndongbo01,Boniface N'Dong
moniase01,Sergei Monia
marshra01,Rawle Marshall
burkepa01,Pat Burke
fordsh02,Sharrod Ford
thompdi01,Dijon Thompson
sandeme01,Melvin Sanders
scaleal01,Alex Scales
owensan01,Andre Owens
whalero01,Robert Whaley
zimmede01,Derrick Zimmerman
felixno01,Noel Felix
taylodo01,Donell Taylor
roberan02,Anthony Roberson
roberla01,Lawrence Roberts
macijar01,Arvydas Macijauskas
irvinky01,Kyrie Irving
kennedj01,D.J. Kennedy
sloando01,Donald Sloan
thompmy02,Mychel Thompson
thomptr01,Tristan Thompson
johnsja02,JaJuan Johnson
mooreet01,E'Twaun Moore
stiemgr01,Greg Stiemsma
harrejo01,Josh Harrellson
jordaje01,Jerome Jordan
shumpim01,Iman Shumpert
harrito02,Tobias Harris
hobsoda01,Darington Hobson
leuerjo01,Jon Leuer
knighbr03,Brandon Knight
macklve01,Vernon Macklin
russewa02,Walker Russell
coleno01,Norris Cole
gladnmi01,Mickell Gladness
harrite01,Terrel Harris
harpeju01,Justin Harper
liggide01,DeAndre Liggins
ortonda01,Daniel Orton
johnsiv01,Ivan Johnson
butleji01,Jimmy Butler
allenla01,Lavoy Allen
silasxa01,Xavier Silas
vucevni01,Nikola Vučević
goudean01,Andrew Goudelock
morrida01,Darius Morris
farieke01,Kenneth Faried
hamiljo02,Jordan Hamilton
stoneju01,Julyan Stone
fortsco01,Courtney Fortson
morrima03,Marcus Morris
parsoch01,Chandler Parsons
smithgr02,Greg Smith
bensoke02,Keith Benson
jenkich01,Charles Jenkins
thompkl01,Klay Thompson
tylerje01,Jeremy Tyler
wrighch01,Chris Wright
leema01,Malcolm Lee
rubiori01,Ricky Rubio
willide02,Derrick Williams
leslitr01,Travis Leslie
thomptr02,Trey Thompkins
fredeji01,Jimmer Fredette
honeyty01,Tyler Honeycutt
thomais02,Isaiah Thomas
morrima02,Markieff Morris
smithno01,Nolan Smith
williel01,Elliot Williams
byarsde01,Derrick Byars
dawsoer01,Eric Dawson
dentmju01,Justin Dentmon
josepco01,Cory Joseph
leonaka01,Kawhi Leonard
thomama01,Malcolm Thomas
ahearbl01,Blake Ahearn
burksal01,Alec Burks
kanteen01,Enes Freedom
brookma01,MarShon Brooks
hornede01,Dennis Horner
smithje01,Jerry Smith
willijo03,Jordan Williams
anderal01,Alan Anderson
almonmo01,Morris Almond
macksh01,Shelvin Mack
singlch01,Chris Singleton
ubileed01,Edwin Ubiles
veselja01,Jan Veselý
pargoje01,Jeremy Pargo
selbyjo01,Josh Selby
ayongu01,Gustavo Ayón
dysonje01,Jerome Dyson
footeje01,Jeff Foote
johnsca01,Carldell Johnson
thomala01,Lance Thomas
watkida01,Darryl Watkins
jacksre01,Reggie Jackson
reidry01,Ryan Reid
joneske01,Kevin Jones
waitedi01,Dion Waiters
zellety01,Tyler Zeller
josepkr01,Kris Joseph
melofa01,Fab Melo
sullija01,Jared Sullinger
varnaja01,Jarvis Varnado
copelch01,Chris Copeland
prigipa01,Pablo Prigioni
whiteja02,James White
hensojo01,John Henson
lambdo01,Doron Lamb
augusdj01,D.J. Augustin
hansbbe01,Ben Hansbrough
johnsor01,Orlando Johnson
plumlmi01,Miles Plumlee
drumman01,Andre Drummond
engliki01,Kim English
kravtvi01,Viacheslav Kravtsov
middlkh01,Khris Middleton
singlky01,Kyle Singler
harklma01,Maurice Harkless
jonesde01,DeQuan Jones
nichoan01,Andrew Nicholson
oquinky01,Kyle O'Quinn
jenkijo01,John Jenkins
scottmi01,Mike Scott
teaguma01,Marquis Teague
holidju01,Justin Holiday
moultar01,Arnett Moultrie
waynsma01,Maalik Wayns
johnsda03,Darius Johnson-Odom
sacrero01,Robert Sacre
fournev01,Evan Fournier
millequ01,Quincy Miller
beverpa01,Patrick Beverley
joneste01,Terrence Jones
machasc01,Scott Machado
motiedo01,Donatas Motiejūnas
ohlbrti01,Tim Ohlbrecht
robinth01,Thomas Robinson
barneha02,Harrison Barnes
bazemke01,Kent Bazemore
ezelife01,Festus Ezeli
greendr01,Draymond Green
shvedal01,Alexey Shved
akognjo01,Josh Akognon
crowdja01,Jae Crowder
cunnija01,Jared Cunningham
jamesbe01,Bernard James
wrighch02,Chris Wright
garredi02,Diante Garrett
marshke01,Kendall Marshall
tuckepj01,P.J. Tucker
zellelu01,Luke Zeller
bartowi01,Will Barton
clavevi01,Victor Claver
freeljo01,Joel Freeland
leoname01,Meyers Leonard
lillada01,Damian Lillard
baynear01,Aron Baynes
decolna01,Nando De Colo
murphke01,Kevin Murphy
acyqu01,Quincy Acy
rosste01,Terrence Ross
valanjo01,Jonas Valančiūnas
bealbr01,Bradley Beal
johnsch04,Chris Johnson
wroteto01,Tony Wroten
davisan02,Anthony Davis
milleda01,Darius Miller
riverau01,Austin Rivers
roberbr01,Brian Roberts
simshe01,Henry Sims
jonespe01,Perry Jones
lambje01,Jeremy Lamb
shengto01,Tornike Shengelia
tayloty01,Tyshawn Taylor
teletmi01,Mirza Teletović
pinknke01,Kevinn Pinkney
rayal01,Allan Ray
greerly01,Lynn Greer
markoda01,Damir Markota
mccrach01,Chris McCray
noelda01,David Noel
bastoma01,Maceo Baston
blalowi01,Will Blalock
hitero01,Robert Hite
augusja01,James Augustine
bozemce01,Cedric Bozeman
richaje01,Jeremy Richardson
jonesbo02,Bobby Jones
mcfariv01,Ivan McFarlin
smithst03,Steven Smith
spanova01,Vassilis Spanoulis
majorre01,Renaldo Major
doubyqu01,Quincy Douby
williju01,Justin Williams
brownde03,Dee Brown
powelro01,Roger Powell
adamsha01,Hassan Adams
ilicmi01,Mile Ilić
robinbe01,Bernard Robinson
brownan01,Andre Brown
farmede01,Desmon Farmer
glynian01,Andreas Glyniadakis
garbajo01,Jorge Garbajosa
slokaur01,Uroš Slokar
hallmi01,Mike Hall
langja01,James Lang
johnsal01,Alexander Johnson
kinseta01,Tarence Kinsey
wolkoru01,Rubén Wolkowyski
postela01,Lavor Postell
sanchpe01,Pepe Sánchez
johnske03,Ken Johnson
oyedeol01,Olumide Oyedeji
sasseje01,Jeryl Sasser
harvean01,Antonio Harvey
bagarda01,Dalibor Bagarić
willija03,Jay Williams
longar01,Art Long
maccuto01,Todd MacCulloch
rentzef01,Efthimios Rentzias
satteke01,Kenny Satterfield
samakso01,Soumaila Samake
harriad01,Adam Harrington
savovpr01,Predrag Savović
yarbrvi01,Vincent Yarbrough
hawkiju01,Juaquin Hawkins
maddoti01,Tito Maddox
guytoaj01,A.J. Guyton
olivede01,Dean Oliver
ruckegu01,Guy Rucker
torreos01,Óscar Torres
rakocig01,Igor Rakočević
eschmev01,Evan Eschmeyer
rigauan01,Antoine Rigaudeau
amaecjo01,John Amaechi
marshdo02,Donny Marshall
fortejo01,Joseph Forte
huffmna01,Nate Huffman
batismi01,Mike Batiste
owensch01,Chris Owens
alexaco02,Courtney Alexander
feldeka01,Kay Felder
mcraejo01,Jordan McRae
tavarwa01,Edy Tavares
brownja02,Jaylen Brown
jacksde01,Demetrius Jackson
mickejo01,Jordan Mickey
olynyke01,Kelly Olynyk
roziete01,Terry Rozier
smartma01,Marcus Smart
youngja01,James Young
bakerro01,Ron Baker
hernawi01,Willy Hernangómez
kuzmimi01,Mindaugas Kuzminskas
ndourma01,Maurice Ndour
plumlma02,Marshall Plumlee
porzikr01,Kristaps Porziņģis
randlch01,Chasson Randle
antetgi01,Giannis Antetokounmpo
brogdma01,Malcolm Brogdon
dellama01,Matthew Dellavedova
makerth01,Thon Maker
parkeja01,Jabari Parker
paytoga02,Gary Payton II
snellto01,Tony Snell
toupaax01,Axel Toupane
vaughra01,Rashad Vaughn
chrisra01,Rakeem Christmas
niangge01,Georges Niang
robingl02,Glenn Robinson III
turnemy01,Myles Turner
youngjo01,Joe Young
bullore01,Reggie Bullock
caldwke01,Kentavious Caldwell-Pope
ellenhe01,Henry Ellenson
gbinimi01,Michael Gbinije
hillida01,Darrun Hilliard
johnsst04,Stanley Johnson
marjabo01,Boban Marjanović
johnsty01,Tyler Johnson
mcgruro01,Rodney McGruder
reedwi02,Willie Reed
richajo01,Josh Richardson
whiteok01,Okaro White
winslju01,Justise Winslow
biyombi01,Bismack Biyombo
brownan02,Anthony Brown
garinpa01,Patricio Garino
georgma01,Marcus Georges-Hunt
gordoaa01,Aaron Gordon
hezonma01,Mario Hezonja
onuakar01,Arinze Onuaku
paytoel01,Elfrid Payton
rudezda01,Damjan Rudež
wilcocj01,C.J. Wilcox
zimmest01,Stephen Zimmerman
bembrde01,DeAndre' Bembry
delanma01,Malcolm Delaney
hardati02,Tim Hardaway Jr.
kellyry01,Ryan Kelly
muscami01,Mike Muscala
pattela01,Lamar Patterson
princta02,Taurean Prince
schrode01,Dennis Schröder
canaais01,Isaiah Canaan
cartemi01,Michael Carter-Williams
feliccr01,Cristiano Felício
grantje02,Jerian Grant
hunterj01,R.J. Hunter
lauvejo01,Joffrey Lauvergne
mcderdo01,Doug McDermott
mirotni01,Nikola Mirotić
payneca01,Cameron Payne
portibo01,Bobby Portis
valende01,Denzel Valentine
zipsepa01,Paul Zipser
anderju01,Justin Anderson
covinro01,Robert Covington
embiijo01,Joel Embiid
grantje01,Jerami Grant
hendege02,Gerald Henderson
holmeri01,Richaun Holmes
longsh01,Shawn Long
luwawti01,Timothé Luwawu-Cabarrot
mccontj01,T.J. McConnell
noelne01,Nerlens Noel
okafoja01,Jahlil Okafor
poythal01,Alex Poythress
saricda01,Dario Šarić
stausni01,Nik Stauskas
thompho01,Hollis Thompson
blackta01,Tarik Black
clarkjo01,Jordan Clarkson
ennisty01,Tyler Ennis
huertma01,Marcelo Huertas
ingrabr01,Brandon Ingram
nancela02,Larry Nance Jr.
nwabada01,David Nwaba
randlju01,Julius Randle
russeda01,D'Angelo Russell
zubaciv01,Ivica Zubac
beaslma01,Malik Beasley
harriga01,Gary Harris
hernaju01,Juancho Hernangómez
jokicni01,Nikola Jokić
mudiaem01,Emmanuel Mudiay
murraja01,Jamal Murray
nurkiju01,Jusuf Nurkić
obryajo01,Johnny O'Bryant
plumlma01,Mason Plumlee
stokeja01,Jarnell Stokes
capelca01,Clint Capela
dekkesa01,Sam Dekker
harremo01,Montrezl Harrell
mcdankj01,K.J. McDaniels
onuakch01,Chinanu Onuaku
taylois01,Isaiah Taylor
willitr02,Troy Williams
wiltjky01,Kyle Wiltjer
clarkia01,Ian Clark
jonesda03,Damian Jones
looneke01,Kevon Looney
mcadoja01,James Michael McAdoo
mccawpa01,Patrick McCaw
weberbr01,Briante Weber
bjeline01,Nemanja Bjelica
dienggo01,Gorgui Dieng
dunnkr01,Kris Dunn
jonesty01,Tyus Jones
lavinza01,Zach LaVine
muhamsh01,Shabazz Muhammad
paynead01,Adreian Payne
townska01,Karl-Anthony Towns
wiggian01,Andrew Wiggins
johnsbr02,Brice Johnson
stonedi01,Diamond Stone
caulewi01,Willie Cauley-Stein
gallola01,Langston Galloway
hieldbu01,Buddy Hield
labissk01,Skal Labissière
mclembe01,Ben McLemore
papagge01,Georgios Papagiannis
richama01,Malachi Richardson
bentibe01,Ben Bentil
brussni01,Nicolás Brussino
cookqu01,Quinn Cook
curryse01,Seth Curry
ferreyo01,Yogi Ferrell
finnedo01,Dorian Finney-Smith
gibsojo01,Jonathan Gibson
hammoaj01,A.J. Hammons
jackspi01,Pierre Jackson
mejrisa01,Salah Mejri
poweldw01,Dwight Powell
uthofja01,Jarrod Uthoff
bendedr01,Dragan Bender
bookede01,Devin Booker
chrisma01,Marquese Chriss
eddieja01,Jarell Eddie
jonesde02,Derrick Jones Jr.
lenal01,Alex Len
millsel01,Elijah Millsap
ulisty01,Tyler Ulis
warretj01,T.J. Warren
willial03,Alan Williams
connapa01,Pat Connaughton
crabbal01,Allen Crabbe
laymaja01,Jake Layman
mccolcj01,CJ McCollum
napiesh01,Shabazz Napier
quartti01,Tim Quarterman
vonleno01,Noah Vonleh
anderky01,Kyle Anderson
bertada01,Dāvis Bertāns
dedmode01,Dewayne Dedmon
forbebr01,Bryn Forbes
laproni01,Nicolás Laprovíttola
murrade01,Dejounte Murray
simmojo02,Jonathon Simmons
bolomjo01,Joel Bolomboy
exumda01,Dante Exum
goberru01,Rudy Gobert
hoodro01,Rodney Hood
inglejo01,Joe Ingles
lylestr01,Trey Lyles
netora01,Raul Neto
witheje01,Jeff Withey
cabocbr01,Bruno Caboclo
noguelu01,Lucas Nogueira
poeltja01,Jakob Poeltl
powelno01,Norman Powell
siakapa01,Pascal Siakam
vanvlfr01,Fred VanVleet
wrighde01,Delon Wright
bogdabo02,Bojan Bogdanović
burketr01,Trey Burke
houseda01,Danuel House Jr.
mcclesh01,Sheldon Mac
mcculch01,Chris McCullough
ochefda01,Daniel Ochefu
oubreke01,Kelly Oubre Jr.
porteot01,Otto Porter Jr.
satorto01,Tomáš Satoranský
baldwwa01,Wade Baldwin
danietr01,Troy Daniels
davisde01,Deyonta Davis
ennisja01,James Ennis III
greenja01,JaMychal Green
harrian01,Andrew Harrison
martija01,Jarell Martin
seldewa01,Wayne Selden
abrinal01,Álex Abrines
adamsst01,Steven Adams
chrisse01,Semaj Christon
huestjo01,Josh Huestis
oladivi01,Victor Oladipo
roberan03,Andre Roberson
sabondo01,Domantas Sabonis
bennean01,Anthony Bennett
dinwisp01,Spencer Dinwiddie
goodwar01,Archie Goodwin
hamilju01,Justin Hamilton
harrijo01,Joe Harris
holliro01,Rondae Hollis-Jefferson
kilpase01,Sean Kilpatrick
leverca01,Caris LeVert
whiteis01,Isaiah Whitehead
diallch01,Cheick Diallo
fraziti01,Tim Frazier
hillso01,Solomon Hill
grahatr01,Treveon Graham
harriaa01,Aaron Harrison
kaminfr01,Frank Kaminsky
kiddgmi01,Michael Kidd-Gilchrist
tobeymi01,Mike Tobey
walkeke02,Kemba Walker
woodch01,Christian Wood
zelleco01,Cody Zeller
kaunsa01,Sasha Kaun
clarkco01,Coty Clarke
hollajo02,John Holland
antetth01,Thanasis Antetokounmpo
earlycl01,Cleanthony Early
inglida01,Damien Inglis
whittsh01,Shayne Whittington
applike01,Keith Appling
marblde01,Devyn Marble
bairsca01,Cameron Bairstow
pressph01,Phil Pressey
sampsja02,JaKarr Sampson
greener01,Erick Green
papanko01,Kostas Papanikolaou
dawsobr01,Branden Dawson
stephal01,Alex Stepheson
dukandu01,Duje Dukan
moreler01,Eric Moreland
brownlo01,Lorenzo Brown
cottobr01,Bryce Cotton
jeffeco01,Cory Jefferson
alexacl01,Cliff Alexander
montelu01,Luis Montero
mccalra01,Ray McCallum
obriejj01,J.J. O'Brien
pleisti01,Tibor Pleiß
adamsjo01,Jordan Adams
hairspj02,P.J. Hairston
munfoxa02,Xavier Munford
smithru01,Russ Smith
mcgarmi01,Mitch McGary
brownma02,Markel Brown
karasse01,Sergey Karasev
larkish01,Shane Larkin
dejeabr01,Bryce Dejean-Jones
gutiejo01,Jorge Gutiérrez
langdtr01,Trajan Langdon
richano01,Norm Richardson
alexavi01,Victor Alexander
vardara01,Ratko Varda
browner01,Ernest Brown
hamilta01,Tang Hamilton
bowdlca01,Cal Bowdler
mottoha01,Hanno Möttölä
bowmair01,Ira Bowman
cummivo01,Vonteego Cummings
jamesti01,Tim James
jonesal01,Alvin Jones
crispjo01,Joe Crispin
penbemi01,Mike Penberthy
averywi01,William Avery
jamisha01,Harold Jamison
barkler01,Erick Barkley
goodrst01,Steve Goodrich
fontais01,Isaac Fontaine
fotsian01,Antonis Fotsis
solomwi01,Will Solomon
edwarsh01,Shane Edwards
felixca01,Carrick Felix
hopsosc01,Scotty Hopson
babbch01,Chris Babb
blueva01,Vander Blue
favervi01,Vítor Luiz Faverani
murryto01,Toure' Murry
smithch05,Chris Smith
mitchto03,Tony Mitchell
radulmi01,Miroslav Raduljica
stephdj01,D.J. Stephens
woltena01,Nate Wolters
datomlu01,Gigi Datome
mitchto02,Tony Mitchell
sivape01,Peyton Siva
thomaad01,Adonis Thomas
anticpe01,Pero Antić
nunnaja01,James Nunnally
murpher01,Erik Murphy
daviebr01,Brandon Davies
wareca01,Casper Ware
harriel01,Elias Harris
kuzmiog01,Ognjen Kuzmić
nedovne01,Nemanja Nedović
hummero01,Robbie Hummel
whitero03,Royce White
ledori01,Ricky Ledo
mekelga01,Gal Mekel
chrisdi01,Dionte Christmas
buyckdw01,Dwight Buycks
ricegl02,Glen Rice Jr.
calatni01,Nick Calathes
frankja01,Jamaal Franklin
southja01,James Southerland
bramlaj01,A.J. Bramlett
ketnela01,Lari Ketner
thomaja01,Jamel Thomas
turnewa01,Wayne Turner
johnsde02,DeMarco Johnson
turkcmi01,Mirsad Türkcan
brownma01,Marcus Brown
willode01,Dedric Willoughby
celesjo01,John Celestand
herrech01,Chris Herren
grayde01,Devin Gray
hamilth01,Thomas Hamilton
youngti01,Tim Young
roberry01,Ryan Robertson
hugheri02,Rick Hughes
borrela01,Lazaro Borrell
vinsofr01,Fred Vinson
hoodde01,Derek Hood
miskija01,Jason Miskiri
robinja03,Jamal Robinson
colsose01,Sean Colson
pankoan01,Andy Panko
elamikh01,Khalid El-Amin
tarladr01,Dragan Tarlać
josepga01,Garth Joseph
mcclida01,Dan McClintock
garceru01,Rubén Garcés
mcphepa01,Paul McPherson
portech01,Chris Porter
roberte01,Terrance Roberson
smithmi03,Mike Smith
vanteda01,David Vanterpool
cherrwi01,Will Cherry
kirkal01,Alex Kirk
weartr01,Travis Wear
dawkian01,Andre Dawkins
dragizo01,Zoran Dragić
aldemfu01,Furkan Aldemir
drewla02,Larry Drew II
gordodr01,Drew Gordon
brownja01,Jabari Brown
johnsni01,Nick Johnson
bhullsi01,Sim Bhullar
stockda01,David Stockton
wearda01,David Wear
mcneaje01,Jerel McNeal
benimje01,Jerrelle Benimon
chrispa01,Patrick Christopher
cooleja01,Jack Cooley
jerregr01,Grant Jerrett
lucaska01,Kalin Lucas
tayloje03,Jeff Taylor
allenja01,Jarrett Allen
batesem01,Emoni Bates
garlada01,Darius Garland
jeromty01,Ty Jerome
merrisa01,Sam Merrill
mitchdo01,Donovan Mitchell
mobleev01,Evan Mobley
mobleis01,Isaiah Mobley
nancepe01,Pete Nance
okorois01,Isaac Okoro
portecr01,Craig Porter Jr.
strusma01,Max Strus
wadede01,Dean Wade
bantoda01,Dalano Banton
brissos01,Oshae Brissett
davisjd01,JD Davison
hausesa01,Sam Hauser
kornelu01,Luke Kornet
mykhasv01,Svi Mykhailiuk
peterdr01,Drew Peterson
pritcpa01,Payton Pritchard
quetane01,Neemias Queta
sprinja01,Jaden Springer
stevela01,Lamar Stevens
tatumja01,Jayson Tatum
tillmxa01,Xavier Tillman Sr.
walshjo01,Jordan Walsh
whitede01,Derrick White
achiupr01,Precious Achiuwa
anunoog01,OG Anunoby
arcidry01,Ryan Arcidiacono
barrerj01,RJ Barrett
brownch02,Charlie Brown Jr.
brunsja01,Jalen Brunson
diakima01,Mamadi Diakite
divindo01,Donte DiVincenzo
flynnma01,Malachi Flynn
grimequ01,Quentin Grimes
hartjo01,Josh Hart
harteis01,Isaiah Hartenstein
jeffrda01,DaQuan Jeffries
mcbrimi01,Miles McBride
miltosh01,Shake Milton
quickim01,Immanuel Quickley
robinmi01,Mitchell Robinson
simsje01,Jericho Sims
skapidm01,Dmytro Skapintsev
toppija01,Jacob Toppin
windldy01,Dylan Windler
beaucma01,MarJon Beauchamp
boldema01,Marques Bolden
greenaj01,A.J. Green
jacksan01,Andre Jackson Jr.
livinch01,Chris Livingston
rolliry01,Ryan Rollins
washity02,TyTy Washington Jr.
wiggili01,Lindell Wigginton
brownbr01,Bruce Brown
brownke03,Kendall Brown
halibty01,Tyrese Haliburton
jacksis01,Isaiah Jackson
jacksqu01,Quenton Jackson
mathube01,Bennedict Mathurin
nembhan01,Andrew Nembhard
nesmiaa01,Aaron Nesmith
nworajo01,Jordan Nwora
sheppbe01,Ben Sheppard
smithja04,Jalen Smith
theisda01,Daniel Theis
toppiob01,Obi Toppin
tshieos01,Oscar Tshiebwe
walkeja02,Jarace Walker
wongis01,Isaiah Wong
baglema01,Marvin Bagley III
boehebu01,Buddy Boeheim
browntr01,Troy Brown Jr.
cazalma01,Malcolm Cazalon
cunnica01,Cade Cunningham
durenja01,Jalen Duren
evbuoto01,Tosan Evbuomwan
fontesi01,Simone Fontecchio
hayeski01,Killian Hayes
iveyja01,Jaden Ivey
knoxke01,Kevin Knox
liveris01,Isaiah Livers
metuch01,Chimezie Metu
morrimo01,Monte Morris
nowelja01,Jaylen Nowell
rhodeja01,Jared Rhoden
sassema01,Marcus Sasser
stewais01,Isaiah Stewart
thompau01,Ausar Thompson
umudest01,Stanley Umude
wisemja01,James Wiseman
adebaba01,Bam Adebayo
bryanth01,Thomas Bryant
cainja01,Jamal Cain
hamptrj01,R.J. Hampton
herroty01,Tyler Herro
highsha01,Haywood Highsmith
jaqueja01,Jaime Jaquez Jr.
jovicni01,Nikola Jović
martica02,Caleb Martin
robindu01,Duncan Robinson
robinor01,Orlando Robinson
smithdr01,Dru Smith
swideco01,Cole Swider
willial06,Alondes Williams
anthoco01,Cole Anthony
banchpa01,Paolo Banchero
bitadgo01,Goga Bitadze
blackan01,Anthony Black
cartewe01,Wendell Carter Jr.
fultzma01,Markelle Fultz
harrike01,Kevon Harris
houstca01,Caleb Houstan
howarje01,Jett Howard
isaacjo01,Jonathan Isaac
okekech01,Chuma Okeke
queentr01,Trevelin Queen
schofad01,Admiral Schofield
suggsja01,Jalen Suggs
wagnefr01,Franz Wagner
wagnemo01,Moritz Wagner
beysa01,Saddiq Bey
bogdabo01,Bogdan Bogdanović
bufkiko01,Kobe Bufkin
fernabr01,Bruno Fernando
forretr01,Trent Forrest
griffaj01,AJ Griffin
gueyemo02,Mouhamed Gueye
huntede01,De'Andre Hunter
johnsja05,Jalen Johnson
krejcvi01,Vit Krejci
lundyse01,Seth Lundy
mathega01,Garrison Mathews
okongon01,Onyeka Okongwu
youngtr01,Trae Young
bitimon01,Onuralp Bitim
carteje01,Jevon Carter
carusal01,Alex Caruso
craigto01,Torrey Craig
dosunay01,Ayo Dosunmu
drellhe01,Henri Drell
funkan01,Andrew Funk
greenja02,Javonte Green
phillju01,Julian Phillips
sanogad01,Adama Sanogo
taylote01,Terry Taylor
terryda01,Dalen Terry
whiteco01,Coby White
willipa01,Patrick Williams
bambamo01,Mo Bamba
bazleda01,Darius Bazley
councri01,Ricky Council IV
dowtije01,Jeff Dowtin
korkmfu01,Furkan Korkmaz
loftoke01,Kenneth Lofton Jr.
martike04,KJ Martin
maxeyty01,Tyrese Maxey
meltode01,De'Anthony Melton
petrufi01,Filip Petrušev
reedpa01,Paul Reed
smartja01,Javonte Smart
smithte01,Terquavion Smith
wilsodj01,D.J. Wilson
castlco01,Colin Castleton
chrisma02,Max Christie
fudgeal01,Alex Fudge
gilesha01,Harry Giles
hachiru01,Rui Hachimura
hayesja02,Jaxson Hayes
hodgedm01,D'Moi Hodge
hoodsja01,Jalen Hood-Schifino
lewisma05,Maxwell Lewis
mayssk01,Skylar Mays
reaveau01,Austin Reaves
reddica01,Cam Reddish
vandeja01,Jarred Vanderbilt
vincega01,Gabe Vincent
braunch01,Christian Braun
gilleco01,Collin Gillespie
huffja01,Jay Huff
keybr01,Braxton Key
nnajize01,Zeke Nnaji
pickeja02,Jalen Pickett
portemi01,Michael Porter Jr.
strawju01,Julian Strawther
tysonhu01,Hunter Tyson
watsope01,Peyton Watson
brookdi01,Dillon Brooks
easonta01,Tari Eason
greenja05,Jalen Green
hintona01,Nate Hinton
holidaa01,Aaron Holiday
landajo01,Jock Landale
samueje01,Jermaine Samuels
sengual01,Alperen Şengün
smithja05,Jabari Smith Jr.
tateja01,Jae'Sean Tate
thompam01,Amen Thompson
whitmca01,Cam Whitmore
willije02,Jeenathan Williams
garubus01,Usman Garuba
jackstr02,Trayce Jackson-Davis
kuminjo01,Jonathan Kuminga
moodymo01,Moses Moody
podzibr01,Brandin Podziemski
quinole01,Lester Quiñones
robinje01,Jerome Robinson
santogu01,Gui Santos
spencpa01,Pat Spencer
alexani01,Nickeil Alexander-Walker
edwaran01,Anthony Edwards
garzalu01,Luka Garza
jacksju01,Justin Jackson
mcdanja02,Jaden McDaniels
mclaujo01,Jordan McLaughlin
millele01,Leonard Miller
minotjo01,Josh Minott
moorewe01,Wendell Moore Jr.
nixda01,Daishen Nix
reidna01,Naz Reid
bostobr01,Brandon Boston Jr.
brownko01,Kobe Brown
coffeam01,Amir Coffey
diabamo01,Moussa Diabaté
hylanbo01,Bones Hyland
mannte01,Terance Mann
millejo02,Jordan Miller
moonxa01,Xavier Moon
primojo01,Joshua Primo
duartch01,Chris Duarte
edwarke02,Kessler Edwards
elliske01,Keon Ellis
fordjo01,Jordan Ford
foxde01,De'Aaron Fox
huertke01,Kevin Huerter
jonesco02,Colby Jones
jonesma05,Mason Jones
mitchda01,Davion Mitchell
monkma01,Malik Monk
murrake02,Keegan Murray
slawsja01,Jalen Slawson
toscaju01,Juan Toscano-Anderson
vezenal01,Sasha Vezenkov
browngr01,Greg Brown III
dennide01,Dexter Dennis
doncilu01,Luka Dončić
gaffoda01,Daniel Gafford
greenjo02,Josh Green
hardyja02,Jaden Hardy
klebima01,Maxi Kleber
lawsoaj01,A.J. Lawson
livelde01,Dereck Lively II
prospol01,Olivier-Maxence Prosper
washipj01,P.J. Washington
willibr03,Brandon Williams
willigr01,Grant Williams
allengr01,Grayson Allen
azubuud01,Udoka Azubuike
bateske01,Keita Bates-Diop
bolbo01,Bol Bol
eubandr01,Drew Eubanks
goodwjo01,Jordan Goodwin
leesa01,Saben Lee
littlna01,Nassir Little
maledth01,Théo Maledon
onealro01,Royce O'Neale
okogijo01,Josh Okogie
roddyda01,David Roddy
wainris01,Ish Wainright
watanyu01,Yuta Watanabe
aytonde01,Deandre Ayton
badjiib01,Ibou Badji
bouyeja01,Jamaree Bouyea
brownmo01,Moses Brown
camarto01,Toumani Camara
haganas01,Ashton Hagans
hendesc01,Scoot Henderson
minayju01,Justin Minaya
mooreta02,Taze Moore
murrakr01,Kris Murray
reathdu01,Duop Reath
ruperra01,Rayan Rupert
sharpsh01,Shaedon Sharpe
simonan01,Anfernee Simons
thybuma01,Matisse Thybulle
walkeja01,Jabari Walker
williro04,Robert Williams
barlodo01,Dominick Barlow
bassech01,Charles Bassey
branhma01,Malaki Branham
champju02,Julian Champagnie
cissosi01,Sidy Cissoko
colliza01,Zach Collins
dukeda01,David Duke Jr.
grahade01,Devonte' Graham
grayra01,RaiQuan Gray
johnske04,Keldon Johnson
jonestr01,Tre Jones
mamuksa01,Sandro Mamukelashvili
osmande01,Cedi Osman
sochaje01,Jeremy Sochan
vassede01,Devin Vassell
wembavi01,Victor Wembanyama
weslebl01,Blake Wesley
agbajoc01,Ochai Agbaji
collijo01,John Collins
georgke01,Keyonte George
hendrta01,Taylor Hendricks
hortota01,Talen Horton-Tucker
juzanjo01,Johnny Juzang
kesslwa01,Walker Kessler
lewiski01,Kira Lewis Jr.
markkla01,Lauri Markkanen
pottemi01,Micah Potter
prestja01,Jason Preston
samanlu01,Luka Šamanić
sensabr01,Brice Sensabaugh
sextoco01,Collin Sexton
yurtsom01,Omer Yurtseven
barnesc01,Scottie Barnes
bouchch01,Chris Boucher
cartodj01,D.J. Carton
dickgr01,Gradey Dick
freemja01,Javon Freeman-Liberty
gueyemo01,Mouhamadou Gueye
harpero02,Ron Harper Jr.
mcdanja01,Jalen McDaniels
nowelma01,Markquis Nowell
portejo01,Jontay Porter
ramseja01,Jahmi'us Ramsey
simmoko01,Kobi Simmons
trentga02,Gary Trent Jr.
willima11,Malik Williams
avdijde01,Deni Avdija
baldwpa01,Patrick Baldwin Jr.
bernaju01,Jules Bernard
butleja02,Jared Butler
champju01,Justin Champagnie
coulibi01,Bilal Coulibaly
davisjo06,Johnny Davis
diallha01,Hamidou Diallo
gillan01,Anthony Gill
jemistr01,Trey Jemison
kispeco01,Corey Kispert
kuzmaky01,Kyle Kuzma
omorueu01,Eugene Omoruyi
poolejo01,Jordan Poole
shamela01,Landry Shamet
vukcetr01,Tristan Vukcevic
aldamsa01,Santi Aldama
allenti01,Timmy Allen
banede01,Desmond Bane
clarkbr01,Brandon Clarke
gabriwe01,Wenyen Gabriel
gilyaja01,Jacob Gilyard
harrish01,Shaquille Harrison
hurtma01,Matthew Hurt
jacksgg01,GG Jackson II
jacksja02,Jaren Jackson Jr.
jarrede01,DeJon Jarreau
kennalu01,Luke Kennard
konchjo01,John Konchar
laravja01,Jake LaRavia
moranja01,Ja Morant
pereima01,Mãozinha Pereira
pippesc02,Scotty Pippen Jr.
simpsza01,Zavier Simpson
whiteja03,Jack White
willivi01,Vince Williams Jr.
willizi02,Ziaire Williams
diengou01,Ousmane Dieng
dortlu01,Luguentz Dort
flaglad01,Adam Flagler
giddejo01,Josh Giddey
gilgesh01,Shai Gilgeous-Alexander
holmgch01,Chet Holmgren
joeis01,Isaiah Joe
johnske08,Keyontae Johnson
manntr01,Tre Mann
micicva01,Vasilije Micić
pokusal01,Aleksej Pokusevski
sarrol01,Olivier Sarr
wallaca01,Cason Wallace
waterli01,Lindy Waters III
wiggiaa01,Aaron Wiggins
willija06,Jalen Williams
willija07,Jaylin Williams
willike04,Kenrich Williams
bridgmi01,Mikal Bridges
brookar01,Armoni Brooks
claxtni01,Nic Claxton
clownno01,Noah Clowney
johnsca02,Cameron Johnson
johnske07,Keon Johnson
whiteda01,Dariq Whitehead
sharpda01,Day'Ron Sharpe
simmobe01,Ben Simmons
smithde03,Dennis Smith Jr.
thomaca02,Cam Thomas
walkelo01,Lonnie Walker IV
watfotr01,Trendon Watford
wilsoja03,Jalen Wilson
alvarjo01,Jose Alvarado
brockiz01,Izaiah Brockington
crutcja01,Jalen Crutcher
daniedy01,Dyson Daniels
gateska01,Kaiser Gates
hawkijo01,Jordan Hawkins
joneshe01,Herbert Jones
liddeej01,E.J. Liddell
marshna01,Naji Marshall
murphtr02,Trey Murphy III
robinje02,Jeremiah Robinson-Earl
ryanma01,Matt Ryan
seabrde01,Dereon Seabron
willizi01,Zion Williamson
baileam01,Amari Bailey
ballla01,LaMelo Ball
blackle01,Leaky Black
bouknja01,James Bouknight
bridgmi02,Miles Bridges
martico01,Cody Martin
mcgowbr01,Bryce McGowens
mensana01,Nathan Mensah
millebr02,Brandon Miller
ntilila01,Frank Ntilikina
richani01,Nick Richards
smithni01,Nick Smith Jr.
thorjt01,JT Thor
willima07,Mark Williams
perralo01,London Perrantes
zizican01,Ante Žižić
allenka01,Kadeem Allen
birdja01,Jabari Bird
naderab01,Abdel Nader
ojelese01,Semi Ojeleye
yabusgu01,Guerschon Yabusele
dotsoda01,Damyean Dotson
hicksis01,Isaiah Hicks
brownst02,Sterling Brown
anigbik01,Ike Anigbogu
leaftj01,T.J. Leaf
mckintr01,Trey McKinney-Jones
moorebe01,Ben Moore
sumneed01,Edmond Sumner
hearnre01,Reggie Hearn
waltode01,Derrick Walton
willima05,Matt Williams
artisja01,Jamel Artis
birchkh01,Khem Birch
iwundwe01,Wes Iwundu
purviro01,Rodney Purvis
cavanty01,Tyler Cavanaugh
clevean01,Antonius Cleveland
dorsety01,Tyler Dorsey
leeda03,Damion Lee
magetjo01,Josh Magette
morrija01,Jaylen Morris
whitean01,Andrew White
blakean01,Antonio Blakeney
pulleja01,Jacob Pullen
balllo01,Lonzo Ball
hayesni01,Nigel Hayes
ingraan01,Andre Ingram
lydonty01,Tyler Lydon
jacksaa01,Aaron Jackson
qizh01,Zhou Qi
belljo01,Jordan Bell
pattoju01,Justin Patton
evansja01,Jawun Evans
teodomi01,Miloš Teodosić
thornsi01,Sindarius Thornwell
wallaty01,Tyrone Wallace
willicj01,C.J. Williams
wilsoja02,Jamil Wilson
masonfr01,Frank Mason III
clavegi01,Gian Clavell
colliky01,Kyle Collinsworth
jonesja04,Jalen Jones
motlejo01,Johnathan Motley
warneja01,Jameel Warney
grayjo01,Josh Gray
jacksjo02,Josh Jackson
jamesmi02,Mike James
peteral01,Alec Peters
reedda01,Davon Reed
swanica01,Caleb Swanigan
costema01,Matt Costello
paulbr01,Brandon Paul
bradlto01,Tony Bradley
mccreer01,Erik McCree
mitrona01,Naz Mitrou-Long
mckinal01,Alfonzo McKinnie
millema01,Malcolm Miller
robinde01,Devin Robinson
henrymy01,Myke Henry
huntevi01,Vince Hunter
johnsom01,Omari Johnson
rabbiv01,Ivan Rabb
rathaxa01,Xavier Rathan-Mayes
doziepj01,PJ Dozier
fergute01,Terrance Ferguson
hamilda02,Daniel Hamilton
johnsda04,Dakari Johnson
doylemi01,Milton Doyle
webbja01,James Webb III
wileyja01,Jacob Wiley
cookech01,Charles Cooke
lemonwa01,Walt Lemon Jr.
bacondw01,Dwayne Bacon
mathima01,Mangok Mathiang
paigema01,Marcus Paige
adelde01,Deng Adel
blossja01,Jaron Blossomgame
wanambr01,Brad Wanamaker
garrebi01,Billy Garrett
trieral01,Allonzo Trier
colsobo01,Bonzie Colson
duvaltr01,Trevon Duval
johnsal02,Alize Johnson
loftoza01,Zach Lofton
thomakh01,Khyri Thomas
matenya01,Yante Maten
terryem01,Emanuel Terry
briscis01,Isaiah Briscoe
caupatr01,Troy Caupain
frazime01,Melvin Frazier
jeffeam01,Amile Jefferson
adamsja01,Jaylen Adams
humphis01,Isaac Humphries
johnsbj01,B.J. Johnson
siberjo01,Jordan Sibert
spellom01,Omari Spellman
alkinra01,Rawle Alkins
hutchch01,Chandler Hutchison
sampsbr01,Brandon Sampson
boldejo01,Jonah Bolden
smithzh01,Zhaire Smith
bongais01,Isaac Bonga
jonesje01,Jemerrio Jones
willijo04,Johnathan Williams
akoonde01,DeVaughn Akoon-Purcell
goodwbr01,Brandon Goodwin
welshth01,Thomas Welsh
chiozch01,Chris Chiozza
clarkga01,Gary Clark
edwarvi01,Vince Edwards
derrima01,Marcus Derrickson
evansja02,Jacob Evans
creekmi01,Mitch Creek
reynoca01,Cameron Reynolds
terreja01,Jared Terrell
delgaan01,Ángel Delgado
antetko01,Kostas Antetokounmpo
broekry01,Ryan Broekhoff
maconda01,Daryl Macon
spaldra01,Ray Spalding
kingge03,George King
okoboel01,Elie Okobo
loydjo01,Jordan Loyd
hannadu01,Dusty Hannahs
washbju01,Julian Washburn
burtode02,Deonte Burton
davisty01,Tyler Davis
grantdo01,Donte Grantham
kurucro01,Rodions Kurucs
mccalta01,Tahjere McCall
musadz01,Džanan Musa
pinsoth01,Theo Pinson
bertada02,Dairis Bertāns
jacksfr01,Frank Jackson
chealjo01,Joe Chealey
macurjp01,J.P. Macura
fallta01,Tacko Fall
nembhrj01,RJ Nembhard Jr.
newmama01,Malik Newman
pangoke01,Kevin Pangos
scotttr01,Tre Scott
fittsma01,Malik Fitts
langfro01,Romeo Langford
martike03,Kelan Martin
morgaju01,Juwan Morgan
thomabr01,Brodric Thomas
hallty01,Tyler Hall
huntfe01,Feron Hunt
moonema01,Matt Mooney
delauja01,Javin DeLaurier
kalaige01,Georgios Kalaitzakis
robinju01,Justin Robinson
tuckera01,Rayjon Tucker
vildolu01,Luca Vildoza
caverah01,Ahmad Caver
perryre01,Reggie Perry
sykeske01,Keifer Sykes
washidu02,Duane Washington Jr.
yorkga01,Gabe York
edwarca01,Carsen Edwards
paigeja01,Jaysean Paige
palmetr01,Trayvon Palmer
pickeja01,Jamorko Pickett
sirvyde01,Deividas Sirvydis
stanlca01,Cassius Stanley
garrema01,Marcus Garrett
guyky01,Kyle Guy
muldemy01,Mychal Mulder
okpalkz01,KZ Okpala
silvach01,Chris Silva
brazdig01,Ignas Brazdeikis
cannade01,Devin Cannady
fordal03,Aleem Ford
gillefr01,Freddie Gillespie
graveha01,Hassani Gravett
barbeca01,Cat Barber
brownch05,Chaundee Brown Jr.
coopesh01,Sharife Cooper
hillma01,Malcolm Hill
oliveca01,Cameron Oliver
cookty01,Tyler Cook
dotsode01,Devon Dotson
mccluma01,Mac McClung
simonma01,Marko Simonovic
thomama02,Matt Thomas
henryaa01,Aaron Henry
powelmy01,Myles Powell
doumbse01,Sekou Doumbouya
campafa01,Facundo Campazzo
cancavl01,Vlatko Čančar
cornepe01,Petr Cornelie
howarma02,Markus Howard
jonesca03,Carlik Jones
chrisjo01,Josh Christopher
porteke02,Kevin Porter Jr.
weathqu01,Quinndary Weatherspoon
bolmale01,Leandro Bolmaro
knighna01,Nathan Knight
wrighmc01,McKinley Wright IV
scrubja01,Jay Scrubb
wrighmo01,Moses Wright
daviste02,Terence Davis
kinglo02,Louis King
murkead01,Ade Murkey
woodaro01,Robert Woodard II
mclauja01,JaQuori McLaughlin
basspa01,Paris Bass
lundbga01,Gabriel Lundberg
walkemj01,M.J. Walker
blevike01,Keljin Blevins
cumbeja01,Jarron Cumberland
ellebcj01,CJ Elleby
hugheel01,Elijah Hughes
louzama01,Didi Louzada
mcgrica01,Cameron McGriff
cacokde01,Devontae Cacok
lamban01,Anthony Lamb
wieskjo01,Joe Wieskamp
cheatzy01,Zylan Cheatham
onimi01,Miye Oni
pascher01,Eric Paschall
pelleno01,Norvel Pelle
sneedxa01,Xavier Sneed
johnsda08,David Johnson
oturuda01,Daniel Oturu
watertr01,Tremont Waters
ayayijo01,Joel Ayayi
careyve01,Vernon Carey Jr.
echenja01,Jaime Echenique
schakjo01,Jordan Schakel
swordcr01,Craig Sword
toddis01,Isaiah Todd
winstca01,Cassius Winston
buchash01,Shaq Buchanan
culveja01,Jarrett Culver
mathida01,Dakota Mathias
ponsyv01,Yves Pons
terryty01,Tyrell Terry
teskejo01,Jon Teske
tilliki02,Killian Tillie
deckga01,Gabriel Deck
edwarro01,Rob Edwards
hoardja01,Jaylen Hoard
robyis01,Isaiah Roby
watsopa01,Paul Watson
harpeja01,Jared Harper
joneska01,Kai Jones
kulboar01,Arnoldas Kulboka
lewissc01,Scottie Lewis
kabenmf01,Mfiondu Kabengele
keelstr01,Trevor Keels
martity01,Tyrese Martin
willido02,Donovan Williams
fostemi02,Michael Foster Jr.
nunnke01,Kendrick Nunn
daysda01,Darius Days
hudgitr01,Trevor Hudgins
monekch01,Chima Moneke
butlejo01,John Butler
comanch01,Chance Comanche
halljo02,Jordan Hall
brantja01,Jarrell Brantley
kolokch01,Christian Koloko
cooksxa01,Xavier Cooks
chandke01,Kennedy Chandler
pruitga01,Gabe Pruitt
crawfjo01,Joe Crawford
nichode01,Demetris Nichols
sambch01,Cheikh Samb
simsco01,Courtney Sims
herrmwa01,Walter Herrmann
sharpwa01,Walter Sharpe
gardnth01,Thomas Gardner
yuesu01,Sun Yue
davidje01,Jermareo Davidson
kurzro01,Rob Kurz
nelsode01,DeMarcus Nelson
taylomi01,Mike Taylor
singlse01,Sean Singletary
willima04,Marcus Williams
crittja01,Javaris Crittenton
hillst01,Steven Hill
martije02,Jeremiah Martin
bryanel01,Elijah Bryant
bowenbr02,Brian Bowen
brimaam01,Amida Brimah
lecquja01,Jalen Lecque
bonejo01,Jordan Bone
frankro01,Robert Franks
halldo01,Donta Hall
maneka01,Karim Mané
mokokad01,Adam Mokoka
poirivi01,Vincent Poirier
whittgr01,Greg Whittington
mannini01,Nico Mannion
smailal01,Alen Smailagić
jamesju01,Justin James
beyty01,Tyler Bey
mellini01,Nicolò Melli
alexaty01,Ty-Shon Alexander
harrija01,Jalen Harris
pasecan01,Anžejs Pasečņiks
mcderse01,Sean McDermott
halljo01,Josh Hall
magnawi01,Will Magnay
darlina01,Nate Darling
rillegr01,Grant Riller
alexaky01,Kyle Alexander
lawvi01,Vic Law
shayoma01,Marial Shayok
norveza01,Zach Norvell
clemoch01,Chris Clemons
frazimi01,Michael Frazier
howarwi01,William Howard
bowmaky01,Ky Bowman
mikaer01,Eric Mika
reavejo02,Josh Reaves
owensta01,Tariq Owens
kiddst01,Stanton Kidd
willini01,Nigel Williams-Goss
wrighju02,Justin Wright-Foreman
hernade01,Dewan Hernandez
pondssh01,Shamorie Ponds
gudurma01,Marko Gudurić
hallde01,Devon Hall
herveke01,Kevin Hervey
allrela01,Lance Allred
lasmest01,Stéphane Lasme
powelka01,Kasib Powell
greenta01,Taurean Green
perovko01,Kosta Perović
diazgu01,Guillermo Díaz
fazekni01,Nick Fazekas
strawdj01,D.J. Strawberry
langfke01,Keith Langford
washida01,Darius Washington
navarju01,Juan Carlos Navarro
carrau01,Austin Carr
carrke01,Kenny Carr
forddo01,Don Ford
fraziwa01,Walt Frazier
lambejo01,John Lambert
leebu01,Butch Lee
robisda01,Dave Robisch
russeca02,Campy Russell
smithbi02,Bingo Smith
smithra01,Randy Smith
smithwi02,Willie Smith
tatumea01,Earl Tatum
walkefo01,Foots Walker
willobi01,Bill Willoughby
architi01,Tiny Archibald
carrml01,M.L. Carr
chanedo01,Don Chaney
cowenda01,Dave Cowens
fernser01,Eric Fernsten
fordch01,Chris Ford
judkije01,Jeff Judkins
maravpe01,Pete Maravich
robeyri01,Rick Robey
cleamji01,Jim Cleamons
copelho01,Hollis Copeland
demicla01,Larry Demic
glennmi01,Mike Glenn
hustoge01,Geoff Huston
knighto01,Toby Knight
monroea01,Earl Monroe
richami01,Michael Ray Richardson
webstma01,Marvin Webster
willira01,Ray Williams
willisl01,Sly Williams
bridgju01,Junior Bridgeman
bucknqu01,Quinn Buckner
catchha01,Harvey Catchings
johnsma01,Marques Johnson
laniebo01,Bob Lanier
meyerda01,Dave Meyers
waltoll01,Lloyd Walton
washiri01,Richard Washington
wintebr01,Brian Winters
bantomi01,Mike Bantom
calhoco01,Corky Calhoun
cartero01,Ron Carter
cheniph01,Phil Chenier
davisjo01,Johnny Davis
hassejo01,Joe Hassett
johnsmi01,Mickey Johnson
kuestjo01,John Kuester
mcginge01,George McGinnis
zenoto01,Tony Zeno
douglle01,Leon Douglas
duerote01,Terry Duerod
evansea01,Earl Evans
hamilro01,Roy Hamilton
leero01,Ron Lee
malovst01,Steve Malovic
mcadobo01,Bob McAdoo
mcelrji01,Jim McElroy
moneyer01,Eric Money
robinja01,Jackie Robinson
shumajo01,John Shumate
brownjo01,John Brown
crissch01,Charlie Criss
drewjo01,John Drew
furlote01,Terry Furlow
givenja01,Jack Givens
hawesst01,Steve Hawes
hillar01,Armond Hill
johnsed02,Eddie Johnson
mcmilto01,Tom McMillen
pellosa01,Sam Pellom
roundda01,Dan Roundfield
wilsori01,Rick Wilson
awtrede01,Dennis Awtrey
beshode01,Del Beshore
brownro02,Roger Brown
dietrco01,Coby Dietrick
johnsol01,Ollie Johnson
jonesdw01,Dwight Jones
landsma01,Mark Landsberger
mackol01,Ollie Mack
maysc01,Scott May
mengejo01,John Mengelt
smithsa02,Sam Smith
soberri01,Ricky Sobers
bibbyhe01,Henry Bibby
collido01,Doug Collins
ervinju01,Julius Erving
hollili01,Lionel Hollins
jonesbo01,Bobby Jones
mixst01,Steve Mix
richacl01,Clint Richardson
skinnal01,Al Skinner
spanaji01,Jim Spanarkel
toonebe01,Bernard Toone
boonero01,Ron Boone
byrnema01,Marty Byrnes
choneji01,Jim Chones
haywosp01,Spencer Haywood
hollabr01,Brad Holland
wilkeja01,Jamaal Wilkes
bosweto01,Tom Boswell
ellisbo02,Bo Ellis
garlaga01,Gary Garland
gondrgl01,Glen Gondrezick
hugheki01,Kim Hughes
isselda01,Dan Issel
johnsge03,George Johnson
kramear01,Arvid Kramer
roberan01,Anthony Roberts
rochejo01,John Roche
scottch01,Charlie Scott
thompda01,David Thompson
wilkebo01,Bob Wilkerson
barryri01,Rick Barry
bradlal01,Alonzo Bradley
hendeto01,Tom Henderson
jonesma01,Major Jones
murphca01,Calvin Murphy
paultbi01,Billy Paultz
tomjaru01,Rudy Tomjanovich
whiteru01,Rudy White
abernto01,Tom Abernethy
coughjo01,John Coughran
hillmda01,Darnell Hillman
johnsch02,Cheese Johnson
parkeso01,Sonny Parker
raycl01,Clifford Ray
smithph01,Phil Smith
townsra01,Raymond Townsend
whitejo01,Jo Jo White
wilsobu01,Bubba Wilson
bratzmi01,Mike Bratz
heardga01,Gar Heard
highjo01,Johnny High
kelleri01,Rich Kelley
kramejo01,Joel Kramer
robintr01,Truck Robinson
scottal01,Alvin Scott
westppa01,Paul Westphal
batesbi01,Billy Ray Bates
breweji01,Jim Brewer
brewero01,Ron Brewer
grossbo01,Bob Gross
jeelaab01,Abdul Jeelani
kunneke01,Kevin Kunnert
owensto01,Tom Owens
steella01,Larry Steele
twardda01,Dave Twardzik
basseti01,Tim Bassett
davisha01,Harry Davis
galemi01,Mike Gale
gervige01,George Gervin
griffpa01,Paul Griffin
kenonla01,Larry Kenon
kiffiir01,Irv Kiffin
norrisy01,Sylvester Norris
peckwi01,Wiley Peck
restake01,Kevin Restani
silasja01,James Silas
bristal01,Allan Bristow
calvima01,Mack Calvin
dawkipa01,Paul Dawkins
deanegr01,Greg Deane
gianejo01,John Gianelli
hardyja01,James Hardy
kilpaca01,Carl Kilpatrick
poquebe01,Ben Poquette
smithro01,Robert Smith
wakefan01,Andre Wakefield
willidu01,Duck Williams
boynewi01,Winford Boynes
elliobo01,Bob Elliott
jacksph01,Phil Jackson
johnsge02,George Johnson
jordaed01,Eddie Jordan
newlimi01,Mike Newlin
pheglro01,Roger Phegley
simpsra01,Ralph Simpson
vanbrja01,Jan van Breda Kolff
willijo01,John Williamson
brownfr01,Fred Brown
johnsjo01,John Johnson
lagarto01,Tom LaGarde
sheltlo01,Lonnie Shelton
silaspa01,Paul Silas
walkewa01,Wally Walker
willigu01,Gus Williams
burleto01,Tom Burleson
crosbte01,Terry Crosby
elmorle01,Len Elmore
fordph01,Phil Ford
gerargu01,Gus Gerard
greenmi01,Mike Green
grunfer01,Ernie Grunfeld
kingre01,Reggie King
laceysa01,Sam Lacey
redmoma01,Marlon Redmond
robinbi01,Bill Robinzine
wedmasc01,Scott Wedman
barnema01,Marvin Barnes
bryanjo01,Joe Bryant
carribo01,Bob Carrington
natersw01,Swen Nater
olivejo01,John Olive
pietkst01,Stan Pietkiewicz
taylobr01,Brian Taylor
weathni01,Nick Weatherspoon
wickssi01,Sidney Wicks
willifr01,Freeman Williams
bailegu01,Gus Bailey
behagro01,Ron Behagen
bostola01,Lawrence Boston
dandrbo01,Bob Dandridge
greveke01,Kevin Grevey
hayesel01,Elvin Hayes
kupchmi01,Mitch Kupchak
porteke01,Kevin Porter
unselwe01,Wes Unseld
wrighla01,Larry Wright
alexaga01,Gary Alexander
guidija01,Jay Guidinger
abdelal01,Alaa Abdelnaby
corchch01,Chris Corchiani
earlac01,Acie Earl
harrito01,Tony Harris
lichtto01,Todd Lichti
radjadi01,Dino Radja
wenstma01,Matt Wenstrom
anderer01,Eric Anderson
bonnean01,Anthony Bonner
paddige01,Gerald Paddio
cookan01,Anthony Cook
courtjo01,Joe Courtney
haskisc01,Scott Haskin
willike03,Kenny Williams
liberma01,Marcus Liberty
mooretr01,Tracy Moore
osullda01,Dan O'Sullivan
kesslal01,Alec Kessler
minerha01,Harold Miner
hammige01,Geert Hammink
towerke01,Keith Tower
turneje01,Jeff Turner
edwardo01,Doug Edwards
graceri01,Ricky Grace
grahapa01,Paul Graham
englijo01,Jo Jo English
johnsda01,Dave Johnson
kingst01,Stacey King
edwarbi01,Bill Edwards
greense01,Sean Green
kiddwa01,Warren Kidd
wilsotr01,Trevor Wilson
brookke01,Kevin Brooks
marblro01,Roy Marble
meeda01,Darnell Mee
randama01,Mark Randall
jentch01,Chris Jent
petruri01,Richard Petruška
dempsde01,Dell Demps
grantjo01,Josh Grant
houstby01,Byron Houston
jennike01,Keith Jennings
spencan01,Andre Spencer
davisbr02,Brian Davis
guibean01,Andrés Guibert
jacksst01,Stanley Jackson
maxeyma01,Marlon Maxey
smithch03,Chris Smith
willico01,Corey Williams
martibo01,Bob Martin
spencel01,Elmore Spencer
woodsra01,Randy Woods
burnsev01,Evers Burns
peplomi01,Mike Peplowski
simmoli01,Lionel Simmons
smithla02,LaBradford Smith
hodgedo01,Donald Hodge
mornida01,Darren Morningstar
smithdo03,Doug Smith
whitera01,Randy White
coopedu01,Duane Cooper
henrysk01,Skeeter Henry
mackema01,Malcolm Mackey
mustaje01,Jerrod Mustaf
smithre01,Reggie Smith
thompke01,Kevin Thompson
bondwa01,Walter Bond
gallach01,Chad Gallagher
jamerda01,Dave Jamerson
wrighlu01,Luther Wright
robinru01,Rumeal Robinson
fordal01,Alphonso Ford
kingri01,Rich King
schefst01,Steve Scheffler
benneto01,Tony Bennett
ellisle02,LeRon Ellis
stewala01,Larry Stewart
benneel01,Elmer Bennett
blackja01,James Blackwell
dawsoto01,Tony Dawson
georgta01,Tate George
mobleer01,Eric Mobley
addisra01,Rafael Addison
pritcke01,Kevin Pritchard
bazarse01,Sergei Bazarevich
hovasto01,Tom Hovasse
alstode01,Derrick Alston
harmoje01,Jerome Harmon
tylerbj01,B.J. Tyler
grantgr01,Greg Grant
lorthry01,Ryan Lorthridge
mortodw01,Dwayne Morton
durhapa01,Pat Durham
jonesas01,Askia Jones
smithmi01,Michael Smith
leedo01,Doug Lee
phelpde01,Derrick Phelps
turnehe02,Henry Turner
dumasri02,Richard Dumas
ruffitr01,Trevor Ruffin
swinsaa01,Aaron Swinson
crowdco01,Corey Crowder
nwosuju01,Julius Nwosu
marcisa01,Šarūnas Marčiulionis
hancoda01,Darrin Hancock
suttogr01,Greg Sutton
tuckean01,Anthony Tucker
jordawa01,Walter Jordan
kinchch01,Chad Kinch
kreklwa01,Wayne Kreklow
cartere01,Reggie Carter
scalede01,DeWayne Scales
milledi01,Dick Miller
blackno01,Norman Black
fulleto01,Tony Fuller
herroke01,Keith Herron
johnsle01,Lee Johnson
lawreed01,Edmund Lawrence
robinwa01,Wayne Robinson
colliar01,Art Collins
collido02,Don Collins
sheltcr01,Craig Shelton
lestero01,Ronnie Lester
wilkeja02,James Wilkes
worthsa01,Sam Worthen
davismo01,Monti Davis
cartebu01,Butch Carter
hardyal01,Alan Hardy
jacksto02,Tony Jackson
patrimy01,Myles Patrick
higgske01,Kenny Higgs
hordgce01,Cedrick Hordges
nicksca01,Carl Nicks
rayja01,James Ray
valenro01,Ronnie Valentine
garreca01,Calvin Garrett
stroujo01,John Stroud
brownri01,Rickey Brown
mayfibi01,Bill Mayfield
reidbi01,Billy Reid
romarlo01,Lorenzo Romar
macyky01,Kyle Macy
nilesmi01,Mike Niles
crompge01,Geoff Crompton
harpemi01,Mike Harper
ranseke01,Kelvin Ransey
johnsre01,Reggie Johnson
wileymi01,Michael Wiley
benneme01,Mel Bennett
durenjo01,John Duren
vromabr01,Brett Vroman
wilkije01,Jeff Wilkins
jonesed01,Edgar Jones
moorelo01,Lowes Moore
dorseja01,Jacky Dorsey
sandefr01,Frankie Sanders
whitnha02,Hawkeye Whitney
davisro01,Ron Davis
priceto01,Tony Price
rankwa01,Wally Rank
brittda01,Dave Britton
brownle02,Lewis Brown
mccaran01,Andre McCarter
mccorke01,Keith McCord
terryca01,Carlos Terry
allumda01,Darrell Allums
drollra01,Ralph Drollinger
keacl01,Clarence Kea
lloydsc01,Scott Lloyd
driggna01,Nate Driggers
hamerst01,Steve Hamer
szabobr01,Brett Szabo
carruji01,Jimmy Carruth
marticu01,Cuonzo Martin
allenje01,Jerome Allen
scottbr01,Brent Scott
childra01,Randolph Childress
danilsa01,Sasha Danilović
scottja01,James Scott
boycedo01,Donnie Boyce
steigma01,Matt Steigenga
bradtma01,Mark Bradtke
kingfr01,Frankie King
bookeme01,Melvin Booker
kingji02,Jimmy King
owesra01,Ray Owes
roelo01,Lou Roe
manniri01,Rich Manning
obanned01,Ed O'Bannon
smithst02,Stevin Smith
boneyde01,Dexter Boney
nembhru01,Ruben Nembhard
djordal01,Aleksandar Djordjevic
grayev01,Evric Gray
werdaro01,Robert Werdann
lewisma01,Martin Lewis
flowebr01,Bruce Flowers
hayesst01,Steve Hayes
magleda01,Dave Magley
tillida01,Darren Tillis
bradlch01,Charles Bradley
davismi03,Mike Davis
sheroed01,Ed Sherod
taylovi01,Vince Taylor
bransbr01,Brad Branson
kellocl01,Clark Kellogg
morgagu01,Guy Morgan
slaugjo01,Jose Slaughter
johnsji01,Jim Johnstone
smithji01,Jim Smith
zoetji01,Jim Zoet
edmonke01,Keith Edmonson
macklru01,Rudy Macklin
jackstr01,Tracy Jackson
sprigla01,Larry Spriggs
anderjj01,J.J. Anderson
coopejo01,Joe Cooper
johnscl02,Clay Johnson
anderdw01,Dwight Anderson
williro02,Rob Williams
tayloje01,Jeff Taylor
lloydle01,Lewis Lloyd
willisa02,Sam Williams
pittmch01,Charles Pittman
thirdda01,David Thirdkill
norriau01,Audie Norris
banksge01,Gene Banks
rainsed01,Ed Rains
robinol01,Oliver Robinson
eavesje01,Jerry Eaves
williri01,Rickey Williams
philled01,Eddie Phillips
greigjo01,John Greig
radfoma01,Mark Radford
dennake01,Kenny Dennard
brogaji01,Jim Brogan
dougljo01,John Douglas
woodal01,Al Wood
battoda01,Dave Batton
coxch01,Chubby Cox
kopicjo01,Joe Kopicki
lingest01,Steve Lingenfelter
rulanje01,Jeff Ruland
warribr01,Bryan Warrick
garnebi02,Bill Garnett
thompco01,Corny Thompson
dillami01,Mickey Dillard
bradlal02,Alex Bradley
stacoke01,Kevin Stacom
hagangl01,Glenn Hagan
blumera01,Ray Blume
burkmro01,Roger Burkman
burnsda01,David Burns
dykemcr01,Craig Dykema
mcculjo01,John McCullough
baileca01,Carl Bailey
yonakri01,Rich Yonakor
cattabo01,Bobby Cattage
woodho01,Howard Wood
leero02,Rock Lee
wittsga01,Garry Witts
johnsda02,Darryl Johnson
burroju01,Junior Burrough
claxtch01,Charles Claxton
mundtto01,Todd Mundt
sykesla01,Larry Sykes
bardost01,Steve Bardo
renchte01,Terrence Rencher
nathaho01,Howard Nathan
cvetkra01,Rastko Cvetković
heggsal01,Alvin Heggs
churcro01,Robert Churchwell
braggma01,Marques Bragg
smithch02,Charles Smith
vandelo01,Logan Vander Velden
mcdancl01,Clint McDaniel
ruscost01,Stefano Rusconi
toolsan01,Andy Toolson
glassge01,Gerald Glass
fordsh01,Sherell Ford
lewisce01,Cedric Lewis
webstje01,Jeff Webster
esposvi01,Vincenzo Esposito
whitfdw01,Dwayne Whitfield
bennewi01,Winston Bennett
mortojo01,John Morton
battlke01,Kenny Battle
eddiepa01,Patrick Eddie
mckinca01,Carlton McKinney
quinnbr01,Brian Quinnett
winchke01,Kennard Winchester
blankla01,Lance Blanks
thomach01,Charles Thomas
babicmi01,Miloš Babić
oggal01,Alan Ogg
thompst01,Stephen Thompson
leonaga01,Gary Leonard
maystr01,Travis Mays
monroro01,Rodney Monroe
sandeje01,Jeff Sanders
volkoal01,Alexander Volkov
anslemi01,Michael Ansley
mayesth01,Tharon Mayes
payneke01,Kenny Payne
wiggimi01,Mitchell Wiggins
calipde01,Demetrius Calip
owenske01,Keith Owens
godfrda01,Dan Godfread
turnejo01,John Turner
brownmy01,Myron Brown
copella01,Lanard Copeland
kimblbo01,Bo Kimble
jepsele01,Les Jepsen
howarbr01,Brian Howard
iuzzomi01,Mike Iuzzolino
viannjo01,João Vianna
strotla01,Lamont Strothers
copato01,Tom Copa
ruddde01,Delaney Rudd
petrodr01,Dražen Petrović
huntece01,Cedric Hunter
lynchke01,Kevin Lynch
engliaj01,A.J. English
cofiefr01,Fred Cofield
greenke01,Ken Green
jonesea01,Earl Jones
rowlade01,Derrick Rowland
mccladw01,Dwayne McClain
stanste01,Terence Stansbury
creviro01,Ron Crevier
gibsomi01,Mike Gibson
charllo01,Lorenzo Charles
greenke02,Kenny Green
mosspe01,Perry Moss
stokegr01,Greg Stokes
thomppa01,Paul Thompson
wintevo01,Voise Winters
youngmi01,Michael Young
hendeje01,Jerome Henderson
whitewi01,Willie White
willipe01,Pete Williams
thibepe01,Peter Thibeaux
willigu02,Guy Williams
durrade01,Devin Durrant
fostero01,Rod Foster
gloucge01,Georgi Glouchkov
vanosni01,Nick Vanos
johnske01,Ken Johnson
martibr01,Brian Martin
brittmi01,Mike Brittain
hugheri01,Alfredrick Hughes
josepyv01,Yvon Joseph
stivral01,Alex Stivrins
bryanwa01,Wallace Bryant
keeliha01,Harold Keeling
crossje01,Jeff Cross
jonesoz01,Ozell Jones
thomaji01,Jim Thomas
cookeda01,David Cooke
henryca01,Carl Henry
mccrasc01,Scooter McCray
grangst01,Stewart Granger
singlmc01,McKinley Singleton
hendece01,Cedric Henderson
smithke03,Keith Smith
mcqueco01,Cozell McQueen
schwejo01,John Schweitz
wilsomi01,Michael Wilson
youngpe01,Perry Young
lamplji01,Jim Lampley
smithcl01,Clinton Smith
biniojo01,Joe Binion
martife01,Fernando Martín
rowanro01,Ron Rowan
mckenfo01,Forrest McKenzie
kitchcu01,Curtis Kitchen
jacksmy01,Myron Jackson
nuttde01,Dennis Nutt
johnsst02,Steffond Johnson
poleedw01,Dwayne Polee
douglbr01,Bruce Douglas
wilsoot01,Othell Wilson
webbma01,Marcus Webb
pullaan01,Anthony Pullard
morriis01,Isaiah Morris
newbeme01,Melvin Newbern
wrighho02,Howard Wright
blantri01,Ricky Blanton
jordath01,Thomas Jordan
blackal01,Alex Blackwell
plummga01,Gary Plummer
steveba01,Barry Stevens
vetragu01,Gundars Vētra
kimbrst01,Stan Kimbrough
cambrde01,Dexter Cambridge
curcira01,Radisav Ćurčić
palmewa01,Walter Palmer
othicma01,Matt Othick
irvinby01,Byron Irvin
gravebu01,Butch Graves
clarkca01,Carlos Clark
michela01,Larry Micheaux
edelike01,Kenton Edelin
jacksra01,Ralph Jackson
wilkida01,Dale Wilkinson
rautile01,Leo Rautins
aleksch01,Chuck Aleksinas
schefto01,Tom Scheffler
sapplwa01,Wayne Sappleton
blackco01,Cory Blackwell
sewelto01,Tom Sewell
carteho01,Howard Carter
sittoch01,Charlie Sitton
slubyto01,Tom Sluby
wyndeaj01,A.J. Wynder
kornefr01,Frank Kornet
dinkiby01,Byron Dinkins
thomair01,Irving Thomas
cofferi01,Richard Coffey
ballce01,Cedric Ball
martije01,Jeff Martin
callori01,Rick Calloway
higgimi01,Mike Higgins
grandji01,Jim Grandholm
lockhia01,Ian Lockhart
lettcl01,Clifford Lett
munkch01,Chris Munk
gervide01,Derrick Gervin
leeku01,Kurk Lee
meentsc01,Scott Meents
haffnsc01,Scott Haffner
vocega01,Gary Voce
nixdy01,Dyron Nix
willimi03,Mike Williams
shousde01,Dexter Shouse
bucknst01,Steve Bucknall
mccanme01,Mel McCants
taylole01,Leonard Taylor
brynto01,Torgeir Bryn
edwarja02,Jay Edwards
morrimi01,Mike Morrison
johnsna01,Nate Johnston
leboje01,Jeff Lebo
paspaza01,Žarko Paspalj
brownra01,Raymond Brown
johnser01,Eric Johnson
brundst01,Stanley Brundy
tayloja01,Jay Taylor
doziete01,Terry Dozier
hortoed01,Ed Horton
rothdo01,Doug Roth
garrijo01,John Garris
combsle01,Leroy Combs
kuczebr01,Bruce Kuczenski
austike01,Ken Austin
pinonjo01,John Pinone
crossru01,Russell Cross
piotrto01,Tom Piotrowski
lockhda01,Darrell Lockhart
millebo01,Bob Miller
weidnbr01,Brant Weidner
jonesma02,Mark Jones
